Sno,Bank Name,Branch Name,IFSC Code
1,Punjab National Bank, AGRA,PUNB0137210
2,State Bank of India,BICHPURI,SBIN0002317
3,PUNJAB NATIONAL BANK,ALLAHABAD,PUNB0036900
4,State Bank of India, LUCKNOW,SBIN0004619
5,BANK OF MAHARASHTRA,JHANSI,MAHB0001428
6,State Bank of India,FATEHPUR ,SBIN0011506
7,IDBI BANK,AGRA,IBKL0000080
8,Bank of Baroda,LALITPUR,BARB0LALITP
9,State Bank of India,TALBEHAT,SBIN0012834
10,Punjab National Bank,AGRA,PUNB0089910
11,HDFC Bank,NEW DELHI ,HDFC0000708
12,State Bank of India,NANAUTI,SBIN0009032
13,State Bank of India,HASARI,SBIN0018946
14,State Bank of India,SULTANPUR,SBIN0000188
15,Canara Bank,FATEHPUR SIKHRI,CNRB0001438
16,State Bank of India, MORENA,SBIN0061546
17,State Bank of India,KAGAROLE,SBIN0005960
18,State Bank of India, LALITPUR,SBIN0016835
19,State Bank of India,SABZI MANDI,SBIN0007062
20,State Bank of India,AGRA ,SBIN0016122
21,State Bank of India,JAGNER,SBIN0002363
22,Canara Bank, FIROZABAD,CNRB0002167
23,State Bank of India,DABARAI,SBIN0004052
24,CENTRAL BANK OF INDIA,FAVARA,CBIN0280235
25,Bank of Baroda,BHARATPUR ,BARB0BHABHA
26,Canara Bank,AGRA,CNRB0002946
27,BANK OF MAHARASHTRA, GWALIOR,MAHB0001226
28,State Bank of India,SABALGARH,SBIN0001471
29,HDFC Bank,TEKARI CHAMBERS,HDFC0001267
30,Bank of Baroda, AGRA,BARB0EXTSAN
31,Bank of Baroda,SANJAY PLACE ,BARB0SANJAY
32,CENTRAL BANK OF INDIA,AGRA CANTT ,CBIN0280238
33,CENTRAL BANK OF INDIA,SADAR BAZAR,CBIN0281892
34,Canara Bank,BAROLI ,CNRB0001377
35,State Bank of India,RATANLAL NAGAR,SBIN0007646
36,State Bank of India, BHOPAL,SBIN0061091
37,Bank of Baroda,MANTOWN ,BARB0MANTOW
38,State Bank of India,NAGAR BAZAR,SBIN0006331
39,State Bank of India,ATTARA,SBIN0002509
40,Bank of Baroda,"AGRA,UP",BARB0TRANSY
41,Bank Of India,AGRA,BKID0007266
42,State Bank of India, AGRA,SBIN0017684
43,State Bank of India,BAH,SBIN0001212
44,Uttar Pradesh Gramin Bank,Uttar Pradesh,BARB0BUPGBX
45,PUNJAB NATIONAL BANK, FIROZABAD,PUNB0017300
46,Punjab Bank of India,MAHOBA ,PUNB0479700
47,State Bank of India,BAH,SBIN0001212
48,State Bank of India,FATEHPUR SIKHRI,SBIN0011506
49,State Bank of India,VARANASI,SBIN0000201
50,State Bank of India,GURSARAI,SBIN0010894
51,State Bank of India,CHAINPUR,SBIN0003360
52,State Bank of India,AWAGARH,SBIN0002511
53,Bank of Baroda,JHANSI,BARB0SIPRIB
54,Bank of Baroda,DHOLPUR ,BARB0DHOLPU
55,PUNJAB NATIONAL BANK,JHANSI (UP),PUNB0316900
56,Canara Bank,SHIKOHABAD,CNRB0003287
57,PUNJAB NATIONAL BANK,ETAH,PUNB0156910
58,State Bank of India,SHIKARPUR,SBIN0012983
59,State Bank of India, JASWANT NAGAR,SBIN0017225
60,Bank Of India,BANDA,BKID0006979
61,CENTRAL BANK OF INDIA, GHAZIABAD,CBIN0280257
62,UNION BANK OF INDIA,NEHRU NAGAR,UBIN0563137
63,State Bank of India, ALIGARH,SBIN0016273
64,State Bank of India,AGRA,SBIN0030159
65,HDFC Bank,BUDAUN,HDFC0002620
66,Indian Bank,HATHRAS,IDIB000P501
67,HDFC Bank,JANAKPURI,HDFC0000129
68,State Bank of India,ADB DIBAI,SBIN0004942
69,INDIAN BANK,MORADABAD ,IDIB000M744
70,Bank of Baroda, ALIGARH,BARB0RAMGHA
71,State Bank of India,KAURIA GANJ,SBIN0011640
72,Bank Of India,ALIGARH,BKID0007750
73,Bank Of India,MAGARWARA,BKID0007308
74,UNION BANK OF INDIA,ALIGANJ,UBIN0556891
75,State Bank of India,JOYA,SBIN0007413
76,UNION BANK OF INDIA, AZAMGARH,UBIN0549479
77,State Bank of India,ALIGARH,SBIN0015368
78,State Bank of India, HARDUAGANJ,SBIN0004944
79,State Bank of India,ALIGARH ,SBIN0000604
80,PUNJAB NATIONAL BANK, ALIGARH,PUNB0175310
81,State Bank of India,DABARAI,SBIN0004052
82,PUNJAB NATIONAL BANK,ALIGARH,PUNB0001000
83,PUNJAB NATIONAL BANK,GABHANA,PUNB0694600
84,State Bank of India,ADB KASGANJ,SBIN0004504
85,State Bank of India,ALIGARH,SBIN0016272
86,State Bank of India,JATARI,SBIN0011346
87,State Bank of India,ALIGARH,SBIN0016272
88,Uttar Pradesh Gramin Bank,UTTAR PRADESH ,BARB0BUPGBX
89,PUNJAB NATIONAL BANK,ALIGARH,PUNB0750800
90,State Bank of India, ALIGARH,SBIN0016273
91,State Bank of India,ALIGARH,SBIN0000604
92,PUNJAB NATIONAL BANK, HATHRAS ,PUNB0459700
93,State Bank of India,D S COLLEGE,SBIN0003773
94,PUNJAB NATIONAL BANK,BULANDSHAHR ,PUNB0063300
95,State Bank of India,ALIGARH ,SBIN0000604
96,PUNJAB NATIONAL BANK,RADHEY PURI,PUNB0305800
97,State Bank of India,ALWAR,SBIN0031051
98,IDBI BANK,ALIGARH,IBKL0000704
99,HDFC Bank,GHARONDA,HDFC0001727
100,PUNJAB NATIONAL BANK,ALIGARH,PUNB0656300
101,Canara Bank,Alligarh,CNRB0001000
102,Bank of Baroda,KEMRI,BARB0KEMRIX
103,State Bank of India,JIROLI,SBIN0011599
104,State Bank of India,D S COLLEGE,SBIN0003773
105,HDFC Bank,ALIGARH,HDFC0000380
106,State Bank of India,RISAULI NIZAM,SBIN0009327
107,State Bank of India,LALITPUR ,SBIN0015125
108,State Bank of India,ALIGARH ,SBIN0000604
109,PUNJAB NATIONAL BANK,HATHRAS ,PUNB0459700
110,PUNJAB AND SIND BANK,MEERUT,PSIB0000169
111,Bank of Baroda, BUDAUN,BARB0BLYKHE
112,State Bank of India,TADONG,SBIN0007950
113,State Bank of India,AALAPUR,SBIN0011230
114,PUNJAB NATIONAL BANK,JALALPUR,PUNB0779600
115,State Bank of India,JALALPUR,SBIN0004546
116,PUNJAB NATIONAL BANK,JALALPUR,PUNB0779600
117,CENTRAL BANK OF INDIA,SUITHAKALAN,CBIN0281438
118,UNION BANK OF INDIA,BASKHARI,UBIN0561479
119,State Bank of India,JANKIPURAM,SBIN0010342
120,PUNJAB NATIONAL BANK,AKBARPUR,PUNB0136810
121,INDIAN BANK,SHAHZADPUR,IDIB000S644
122,PUNJAB NATIONAL BANK,AKBARPUR ,PUNB0097400
123,PUNJAB NATIONAL BANK,AKBARPUR ,PUNB0097400
124,State Bank of India, AKBARPUR,SBIN0006650
125,UNION BANK OF INDIA,AKBARPUR,UBIN0553760
126,Bank of Baroda,AMBEDKAR NAGAR,BARB0BASAMB
127,PUNJAB NATIONAL BANK,AKBARPUR,PUNB0625700
128,Bank of Baroda,DEOKALI,BARB0DEOKAL
129,UNION BANK OF INDIA,JALALPUR,UBIN0561487
130,Baroda Uttar Pradesh Gramin Bank, UTTAR PRADESH ,BARB0BUPGBX
131,Bank Of India,AKBARPUR,BKID0006935
132,State Bank of India,RANI KI SARAI,SBIN0002600
133,Bank of Baroda, MOHANPUR,BARB0MASDAX
134,CENTRAL BANK OF INDIA, LUCKNOW,CBIN0281015
135,PUNJAB NATIONAL BANK,SULTANPUR ,PUNB0312600
136,INDIAN BANK,SHAHZADPUR,IDIB000S644
137,UNION BANK OF INDIA,BALLIPUR,UBIN0576522
138,PUNJAB NATIONAL BANK,AKBARPUR,PUNB0625700
139,Bank of Baroda,ILTIFATGANJ,BARB0ILTIFA
140,State Bank of India,AKABARPUR,SBIN0000003
141,Bank of Baroda, UTTAR PRADESH ,BARB0BUPGBX
142,Bank of Baroda,JALALPUR,BARB0JALFAI
143,State Bank of India,BHELARA,SBIN0009875
144,PUNJAB NATIONAL BANK,AKBARPUR,PUNB0136810
145,CENTRAL BANK OF INDIA,TANDA,CBIN0283685
146,Bank of Baroda, AMBEDKAR NAGAR,BARB0AKBARP
147,UNION BANK OF INDIA,BASKHARI,UBIN0561479
148,State Bank of India, INDIRA NAGAR,SBIN0016169
149,State Bank of India,HARIHARPUR,SBIN0006051
150,Bank of Baroda, UTTAR PRADESH ,BARB0BUPGBX
151,State Bank of India,BASKHARI,SBIN0011233
152,PUNJAB NATIONAL BANK,AKBARPUR,PUNB0625700
153,UNION BANK OF INDIA,TANDA,UBIN0918555
154,HDFC Bank, LUCKNOW,HDFC0002623
155,State Bank of India,ATTARA,SBIN0002509
156,Bank of Baroda,SULTANPUR,BARB0MUNSHI
157,State Bank of India,AMETHI,SBIN0001158
158,Bank of Baroda,SARAI BRANCH,BARB0SAPRBS
159,ALLAHABAD BANK,LUCKNOW ,IDIB000H561
160,Bank of Baroda,SULTANPUR,BARB0MUNSHI
161,State Bank of India,SULTANPUR ,SBIN0011216
162,State Bank of India,NANAUTI,SBIN0009032
163,UNION BANK OF INDIA,SULTANPUR,UBIN0916714
164,State Bank of India,SAIFABAD,SBIN0009549
165,Bank Of India,MUSAFIRKHANA,BKID0007832
166,State Bank of India,KORWA,SBIN0008069
167,YES BANK,BARABANKI,YESB0000209
168,Bank of Baroda,VARANASI,BARB0EXTRAM
169,Bank Of India,KAUHAR,BKID0007830
170,Bank of Baroda,JAMON,BARB0JAMONX
171,State Bank of India,HAMIRPUR,SBIN0000089
172,Bank of Baroda,SULTANPUR,BARB0MUNSHI
173,Bank of Baroda,SULTANPUR,BARB0MUNSHI
174,Bank of Baroda,SULTANPUR,BARB0HEMNAP
175,Punjab National Bank,FATEHPUR,PUNB0135610
176,State Bank of India,INDIRA NAGAR,SBIN0016169
177,Bank of Baroda,PAYAGIPUR,BARB0PAYAGI
178,Canara Bank,JAGDISHPUR,CNRB0003517
179,PUNJAB NATIONAL BANK,SULTANPUR,PUNB0851800
180,PUNJAB NATIONAL BANK, FAIZABAD,PUNB0619600
181,CENTRAL BANK OF INDIA,KANHAIPUR,CBIN0282714
182,HDFC Bank,SULTANPUR,HDFC0000944
183,UNION BANK OF INDIA,BHADOKHAR,UBIN0913472
184,State Bank of India,HAMIRPUR,SBIN0000089
185,State Bank of India,MANIK CHOWK,SBIN0003759
186,Bank of Baroda, UTTAR PRADESH ,BARB0BUPGBX
187,State Bank of India,HAL KANPUR,SBIN0009023
188,Bank of Baroda,ISAULI,BARB0ISAULI
189,Bank of Baroda,UDAIPUR,BARB0PRAUDA
190,State Bank of India,ATTARA,SBIN0002509
191,UCO BANK,SHAHGARH,UCBA0002893
192,State Bank of India, LUCKNOW,SBIN0003813
193,Bank of Baroda,RAEBARELI,BARB0ITAURA
194,Bank of Baroda,NIGHASAN,BARB0NIGHAS
195,State Bank of India, DHANAURA,SBIN0061188
196,Canara Bank,DHANAURA,CNRB0018584
197,HDFC Bank,AMROHA,HDFC0009630
198,Axis Bank,GAJRAULA,UTIB0001470
199,State Bank of India,NAUGAON ,SBIN0017297
200,UNION BANK OF INDIA,BAREILY ,UBIN0530549
201,PUNJAB NATIONAL BANK,BAREILLY,PUNB0070010
202,PUNJAB NATIONAL BANK,RBD BIJNOR,PUNB0477200
203,Uttar Pradesh Gramin Bank,Uttar Pradesh,BARB0BUPGBX
204,State Bank of India,ERRACH,SBIN0002541
205,State Bank of India,JOYA ROAD,SBIN0016760
206,PUNJAB NATIONAL BANK,NAJIBABAD,PUNB0183400
207,Uttar Pradesh Gramin Bank,Uttar Pradesh,BARB0BUPGBX
208,ICICI BANK LIMITED,NOIDA ,ICIC0001578
209,Canara Bank, AMROHA,CNRB0018589
210,PUNJAB NATIONAL BANK,SAMBHAL SHUKLA ,PUNB0183100
211,State Bank of India,DILARI,SBIN0008349
212,State Bank of India,AMROHA ,SBIN0003448
213,UNION BANK OF INDIA,GAJARAULA,UBIN0911828
214,PUNJAB NATIONAL BANK,AMROHA,PUNB0002100
215,State Bank of India,KANPUR ,SBIN0050517
216,PUNJAB NATIONAL BANK, LUCKNOW,PUNB0586800
217,INDIAN BANK,SWARAJ ASHRAM,IDIB000S807
218,UNION BANK OF INDIA,BHARTHANA,UBIN0569950
219,CENTRAL BANK OF INDIA, ETAWAH,CBIN0283289
220,Baroda Uttar Pradesh Gramin Bank, UTTAR PRADESH ,BARB0BUPGBX
221,State Bank of India,KANPUR,SBIN0005393
222,PUNJAB NATIONAL BANK, ETAWAH,PUNB0368500
223,State Bank of India,KUMS BHARTHANA,SBIN0012832
224,State Bank of India,BAREILLY,SBIN0000615
225,State Bank of India,MOOSA NAGAR,SBIN0002579
226,State Bank of India,BHARTHANA,SBIN0000619
227,State Bank of India,RURA,SBIN0002605
228,State Bank of India, KANPUR,SBIN0003809
229,Bank Of India,ORAI,BKID0006964
230,Indian Bank,TIRWA,IDIB000T595
231,PUNJAB NATIONAL BANK, SHREE GANDHI,PUNB0417000
232,State Bank of India,ORAI ,SBIN0006031
233,HDFC Bank, KANPUR,HDFC0002080
234,State Bank of India,MADHOGARH,SBIN0003201
235,State Bank of India,AURAIYA,SBIN0000612
236,Canara Bank,BARNA,CNRB0001921
237,Canara Bank,UNNAO,CNRB0002826
238,PUNJAB NATIONAL BANK,AURAIYA (UP),PUNB0049400
239,ICICI BANK LIMITED,NEW DELHI ,ICIC0000065
240,State Bank of India, KANPUR,SBIN0001783
241,State Bank of India,GHATAMPUR,SBIN0001057
242,State Bank of India,KAKORBUZURG,SBIN0013046
243,State Bank of India,JALAUN,SBIN0004564
244,CENTRAL BANK OF INDIA,KAKOR,CBIN0284231
245,INDIAN BANK,KALPI ,IDIB000K542
246,CENTRAL BANK OF INDIA,GOSAIGANJ,CBIN0281813
247,PUNJAB NATIONAL BANK,AKBARPUR,PUNB0625700
248,Bank of Baroda,NAKA MUZAFFA ,BARB0NAKFAI
249,PUNJAB NATIONAL BANK,FAIZABAD,PUNB0016600
250,PUNJAB NATIONAL BANK,TANDA THERMAL,PUNB0331700
251,Bank of Baroda,PAYAGIPUR,BARB0PAYAGI
252,CENTRAL BANK OF INDIA,RANOPALI,CBIN0284837
253,PUNJAB NATIONAL BANK, FAIZABAD ,PUNB0415200
254,PUNJAB NATIONAL BANK, BARABANKI,PUNB0286600
255,Bank of Baroda,VISHNU MARKET,BARB0FAIZAB
256,PUNJAB NATIONAL BANK,SULTANPUR ,PUNB0312600
257,State Bank of India,JANKIPURAM ,SBIN0012981
258,Canara Bank,FAIZABAD,CNRB0001641
259,State Bank of India,CAPTAINGANJ,SBIN0002533
260,State Bank of India,GOSAINGANJ,SBIN0015112
261,State Bank of India,KUREBHAR,SBIN0002564
262,Bank of Baroda,ATARSUMA KALAN,BARB0ATARSU
263,State Bank of India, FAIZABAD,SBIN0003309
264,Bank of Baroda,JAGDISHPUR,BARB0JAGSUL
265,ICICI BANK LIMITED,GOMTINAGAR┬á,ICIC0000214
266,Bank of Baroda,FAIZABAD,BARB0SAHADA
267,State Bank of India,NAKA,SBIN0012323
268,Bank of Baroda,NIYAWAN ROAD,BARB0NIYFAI
269,INDIAN BANK,FAIZABAD,IDIB000F502
270,Bank of Baroda,AKBARPUR,BARB0AKBARP
271,Indian Bank,AYODHYA,IDIB000A550
272,UNION BANK OF INDIA,GOSAINGANJ,UBIN0567981
273,Bank of Baroda, FAIZABAD,BARB0DEOKAL
274,PUNJAB NATIONAL BANK,KUREBHAR,PUNB0986600
275,Canara Bank,SIWAN,CNRB0005376
276,State Bank of India,SHAHJADPUR,SBIN0012322
277,State Bank of India,UNCHAHAR,SBIN0013269
278,State Bank of India,SARAIMEER,SBIN0011190
279,PUNJAB NATIONAL BANK,TAMKUHI ROAD,PUNB0475700
280,State Bank of India,DHARMAPUR,SBIN0016468
281,State Bank of India, VARANASI,SBIN0002552
282,State Bank of India,SARAIMEER,SBIN0011190
283,UNION BANK OF INDIA,VAGHAUR ,UBIN0572896
284,State Bank of India,MEHNAGAR,SBIN0013316
285,Canara Bank,AZAMGARH,CNRB0002659
286,UNION BANK OF INDIA,BILARIAGANJ,UBIN0530328
287,ICICI BANK LIMITED,GORAKHPUR,ICIC0001919
288,UNION BANK OF INDIA,BELASIA,UBIN0554448
289,UNION BANK OF INDIA,CHANDESHWAR,UBIN0536652
290,UNION BANK OF INDIA, AZAMGARH,UBIN0570257
291,Bank of Baroda,AZAMGARH,BARB0AZAMGA
292,UNION BANK OF INDIA,CHANDPATTI,UBIN0545937
293,Bank Of India,GARHWA,BKID0004594
294,State Bank of India,SIWAN,SBIN0000187
295,INDIAN BANK,CHATRA,IDIB000C559
296,State Bank of India,JIYANPUR,SBIN0012995
297,UNION BANK OF INDIA,VARANASI,UBIN0558516
298,PUNJAB NATIONAL BANK,AZAMGARH,PUNB0673400
299,CENTRAL BANK OF INDIA,AZAMGARH,CBIN0282035
300,UNION BANK OF INDIA,SAGRI,UBIN0530310
301,INDIA POST PAYMENT BANK,CORPORATE OFFICE,IPOS0000001
302,State Bank of India,AZAMGARH,SBIN0000014
303,UNION BANK OF INDIA,LANKA,UBIN0564931
304,State Bank of India,KERAKAT,SBIN0001059
305,State Bank of India,MIRZAMURAD,SBIN0006202
306,State Bank of India,T.D COLLEGE,SBIN0010176
307,State Bank of India,SHAHJADPUR,SBIN0012322
308,UNION BANK OF INDIA,BELASIA,UBIN0554448
309,CENTRAL BANK OF INDIA,AZAMGARH,CBIN0282035
310,State Bank of India,AZAMGARH,SBIN0000014
311,CENTRAL BANK OF INDIA,VARANASI,CBIN0280194
312,Bank of Baroda,SAKALDIHA,BARB0SAKABS
313,UNION BANK OF INDIA,SARAIMEER,UBIN0542539
314,BANDHAN BANK LIMITED,Azamgarh,BDBL0001742
315,INDIAN BANK,PANDEYPUR,IDIB000P557
316,Bank of Baroda,JAUNPUR,BARB0BADJAU
317,Bank of Baroda, UTTAR PRADESH ,BARB0BUPGBX
318,KOTAK MAHINDRA BANK LIMITED,VARANASI,KKBK0000352
319,UNION BANK OF INDIA, AZAMGAR,UBIN0558826
320,UNION BANK OF INDIA, MAULANIPUR,UBIN0547573
321,UNION BANK OF INDIA,KANJARA ,UBIN0546071
322,State Bank of India,BUXAR,SBIN0012611
323,HDFC Bank,LALGANJ ,HDFC0004048
324,HDFC Bank,KANPUR,HDFC0002080
325,ICICI BANK LIMITED,DELHI-SDA,ICIC0001825
326,UNION BANK OF INDIA,JALALPUR,UBIN0534170
327,IDBI BANK, LUCKNOW,IBKL0001176
328,State Bank of India,SULTANPUR,SBIN0000188
329,Bank of Baroda,AMBEDKAR NAGAR,BARB0BASKHA
330,UNION BANK OF INDIA,HEERAPATI,UBIN0546593
331,State Bank of India, LAKHIMPUR KHERI,SBIN0017331
332,PUNJAB NATIONAL BANK, AZAMGARH,PUNB0795700
333,State Bank of India,AZAMGARH,SBIN0000014
334,PUNJAB NATIONAL BANK,PHOOLPUR,PUNB0673500
335,State Bank of India,MOHAMMADPUR,SBIN0013157
336,UNION BANK OF INDIA,CHANDPATTI,UBIN0545937
337,Axis Bank,AZAMGARH,UTIB0000528
338,HDFC Bank,LALGANJ ,HDFC0004048
339,State Bank of India, GAYA,SBIN0003588
340,State Bank of India,AZAMGARH,SBIN0000014
341,Canara Bank,AZAMGARH,CNRB0002659
342,HDFC Bank,MAU NATH ,HDFC0001910
343,UNION BANK OF INDIA, AZAMGAR,UBIN0558826
344,UNION BANK OF INDIA,SAGRI,UBIN0530310
345,UNION BANK OF INDIA,LACHHIRAMPUR,UBIN0572217
346,HDFC Bank,LALGANJ ,HDFC0004048
347,State Bank of India,CIVIL COURT,SBIN0008003
348,State Bank of India,BASDEO NAGAR,SBIN0008321
349,PUNJAB NATIONAL BANK, GORAKHPUR,PUNB0167500
350,State Bank of India,HARRAIYA,SBIN0008448
351,State Bank of India,DINARA,SBIN0012610
352,UNION BANK OF INDIA,HEERAPATI,UBIN0546593
353,INDIAN BANK,PANDEYPUR,IDIB000P557
354,State Bank of India,ILTIFATGANJ,SBIN0006005
355,State Bank of India,AKABARPUR,SBIN0000003
356,PUNJAB NATIONAL BANK, GHAZIPUR ,PUNB0387100
357,HDFC Bank,VARANASI ,HDFC0000468
358,State Bank of India,NABINAGAR,SBIN0002980
359,State Bank of India,MUZAFFARPUR ,SBIN0014131
360,UNION BANK OF INDIA, AZAMGARH,UBIN0536954
361,State Bank of India,BASKHARI,SBIN0011233
362,INDIAN BANK,MEHNAJPUR,IDIB000M696
363,State Bank of India, SULTANPUR,SBIN0015114
364,HDFC Bank,BARAUT,HDFC0002732
365,State Bank of India,JOYA,SBIN0007413
366,INDIAN OVERSEAS BANK,LUCKNOW,IOBA0000207
367,Canara Bank,RAVLI,CNRB0018765
368,PUNJAB NATIONAL BANK,KARNALSECTOR ,PUNB0102110
369,UNION BANK OF INDIA,MOUDHA ,UBIN0560138
370,Canara Bank, BAGHPAT,CNRB0018560
371,PUNJAB NATIONAL BANK,GAJRAULA,PUNB0177500
372,Axis Bank,VIBHUTI KHAND,UTIB0002800
373,UCO BANK,BHAINSA,UCBA0003220
374,UNION BANK OF INDIA, MEERUT,UBIN0549665
375,Canara Bank,Collectrate Baghpat,CNRB0018626
376,PUNJAB NATIONAL BANK,BARNAWA,PUNB0161210
377,PUNJAB NATIONAL BANK,TAMKUHI ROAD,PUNB0475700
378,Canara Bank,COLLECTORATE ,CNRB0018626
379,State Bank of India,ADB SHAMLI,SBIN0003637
380,State Bank of India,VASUNDHARA,SBIN0004326
381,State Bank of India,DASNA,SBIN0003146
382,State Bank of India,LAUKAHA,SBIN0005436
383,Axis Bank,GREEN PARK,UTIB0000015
384,INDIAN BANK,BAGPAT,IDIB000B541
385,CENTRAL BANK OF INDIA,SHIKOHABAD,CBIN0280232
386,CENTRAL BANK OF INDIA,DHUPKARI,CBIN0284797
387,State Bank of India,MOTILAL NEHRU ,SBIN0006838
388,Bank Of India,KUMHRAWAN,BKID0006808
389,State Bank of India, DALTONGANJ,SBIN0003144
390,INDIAN BANK,BABAGANJ,IDIB000B506
391,INDIAN BANK,GILAULA,IDIB000G573
392,CENTRAL BANK OF INDIA,MIHINPURWA,CBIN0280212
393,State Bank of India,KURWA,SBIN0009874
394,State Bank of India,SOUTH CITY,SBIN0016167
395,INDIAN BANK,BURNAPUR,IDIB000B675
396,UNION BANK OF INDIA,BAHRAICH,UBIN0554073
397,Punjab National Bank,LUCKNOW,PUNB0197510
398,INDIAN BANK,BAHRAICH ,IDIB000B551
399,Bank of Baroda, BARA BANKI,BARB0HAIDER
400,Bank Of India,BAHRAICH,BKID0006970
401,PUNJAB NATIONAL BANK,HAIBATMAU,PUNB0097110
402,ALLAHABAD BANK, BAHRAICH,IDIB000V530
403,INDIAN BANK,BAHRAICH,IDIB000V530
404,State Bank of India,BALRAMPUR,SBIN0000019
405,State Bank of India,SANDA,SBIN0008972
406,State Bank of India,NANPARA,SBIN0000140
407,Canara Bank,BAHRAICH,CNRB0003212
408,UNION BANK OF INDIA,JANSO KI MANDI,UBIN0544931
409,PUNJAB NATIONAL BANK,GORAKHPUR,PUNB0129610
410,State Bank of India,MASKANWA ,SBIN0011231
411,State Bank of India,BHINGA,SBIN0011222
412,HDFC Bank,KANPUR ,HDFC0000298
413,Punjab National Bank,BAHARAICH,PUNB0070110
414,Bank of Baroda,SITAPUR ,BARB0SITAPU
415,State Bank of India,FATEHPUR,SBIN0000215
416,State Bank of India,LAKHIMPUR KHERI,SBIN0017331
417,Bank Of India,BAHRAICH,BKID0006970
418,INDIAN BANK, BAHRAICH,"	IDIB000V530"
419,Bank of Baroda,BAHRAICH,BARB0VJBAHR
420,State Bank of India,BAHRAICH,SBIN0000015
421,PUNJAB NATIONAL BANK,BAHARAICH,PUNB0070110
422,State Bank of India,KURWA,SBIN0009874
423,Uttar Pradesh Gramin Bank,Uttar Pradesh,BARB0BUPGBX
424,IDBI BANK,BAHRAICH,IBKL0001095
425,HDFC Bank,BEHRAICH,HDFC0000866
426,CENTRAL BANK OF INDIA,MIHINPURWA,CBIN0280212
427,UNION BANK OF INDIA,CHANDGANJ,UBIN0556882
428,Uttar Pradesh Gramin Bank,UTTAR PRADESH ,BARB0BUPGBX
429,PUNJAB AND SIND BANK, LUCKNOW,PSIB0000778
430,Bank of Baroda,RAJPUR,BARB0RAJPUR
431,State Bank of India,ADB BAHRAICH,SBIN0005977
432,Bank of Baroda,BAHRAICH,BARB0VJBAHR
433,INDIAN BANK,BAHRAICH,IDIB000B097
434,Baroda Uttar Pradesh Gramin Bank,UTTAR PRADESH ,BARB0BUPGBX
435,INDIAN BANK,VIKAS BHAWAN,IDIB000V533
436,INDIAN BANK,BAHRAICH,IDIB000B097
437,INDIAN BANK,SITAPUR REWSA,IDIB000R635
438,INDIAN BANK,BURNAPUR,IDIB000B675
439,INDIAN BANK,PALIA,IDIB000P535
440,Axis Bank,LUCKNOW,UTIB0000053
441,INDIAN BANK,BAHRAICH,IDIB000B097
442,Bank of Baroda,LUCKNOW,BARB0JANKIP
443,Uttar Pradesh Gramin Bank,UTTAR PRADESH ,BARB0BUPGBX
444,Bank of Baroda,GONDA,BARB0GONDAX
445,Axis Bank,SECTOR ONE,UTIB0002951
446,CENTRAL BANK OF INDIA,INDIRA NAGAR,CBIN0283683
447,State Bank of India,BISWAN,SBIN0000622
448,Bank Of India,BAHRAICH,BKID0006970
449,Axis Bank,PATNA,UTIB0000387
450,State Bank of India,DIGHWARA,SBIN0010083
451,State Bank of India,RATSAR KALAN,SBIN0016467
452,State Bank of India,RAMGARH,SBIN0012502
453,State Bank of India,RATANPURA,SBIN0015147
454,UNION BANK OF INDIA,BADSARA KHALSA,UBIN0575062
455,State Bank of India,BALLIA,SBIN0010177
456,UNION BANK OF INDIA,BANSDEEH,UBIN0571326
457,PUNJAB NATIONAL BANK,MUZAFFARPUR ,PUNB0115900
458,State Bank of India,NAGRA,SBIN0011244
459,State Bank of India,DALTONGANJ,SBIN0000061
460,State Bank of India,JALHUPUR,SBIN0015128
461,State Bank of India,GARHWAR,SBIN0015135
462,HDFC Bank,GANGA SHOPPING ,HDFC0004715
463,State Bank of India,RCC CHAPRA,SBIN0003614
464,PUNJAB NATIONAL BANK,BALLIA,PUNB0673600
465,PUNJAB NATIONAL BANK,LUCKNOW ,PUNB0241400
466,UNION BANK OF INDIA, BALLIA,UBIN0530492
467,State Bank of India, MADHOGARH,SBIN0003201
468,State Bank of India,KHEMNICHAK,SBIN0016611
469,UNION BANK OF INDIA,NAGRA,UBIN0568066
470,CENTRAL BANK OF INDIA, BALLIA,CBIN0283939
471,State Bank of India,AKABARPUR,SBIN0000003
472,HDFC Bank,BALLIA,HDFC0004834
473,State Bank of India,KORANSARAI,SBIN0004889
474,Bank of Baroda,CHILLA ROAD,BARB0CHILRD
475,State Bank of India,AALAPUR,SBIN0011230
476,State Bank of India,KIDWAI NAGAR,SBIN0001786
477,Punjab National Bank,STEAMER GHAT,PUNB0476000
478,State Bank of India,RAJGIR,SBIN0003499
479,State Bank of India, ALLAHABAS,SBIN0001621
480,UNION BANK OF INDIA,SIKANDARPUR ,UBIN0568074
481,UNION BANK OF INDIA,RAI BAREILLY,UBIN0530247
482,State Bank of India,NAGRA,SBIN0011244
483,State Bank of India,LANKA,SBIN0011508
484,KOTAK MAHINDRA BANK LIMITED,PHULWARI SHARIF ,KKBK0005655
485,Bank of Baroda,SITAPUR,BARB0VJSIPU
486,State Bank of India,SIKANDERPUR,SBIN0002615
487,State Bank of India,BALLIA CITY,SBIN0002517
488,IDBI BANK,JHANSI,IBKL0000205
489,Bank of Baroda,SULTANPUR,BARB0SISOUD
490,State Bank of India, CHAPRA,SBIN0001220
491,State Bank of India,SAHABGANJ,SBIN0014613
492,CENTRAL BANK OF INDIA,KAITHAULI,CBIN0283132
493,UNION BANK OF INDIA,LUCKNOW ,UBIN0551406
494,INDIAN BANK,SANGRAMGANJ,IDIB000S567
495,INDIAN BANK,SRAVASTI,IDIB000K634
496,UNION BANK OF INDIA,BALRAMPUR,UBIN0557226
497,Uttar Pradesh Gramin Bank,UTTAR PRADESH ,BARB0BUPGBX
498,HDFC Bank,CHAJJAPUR,HDFC0002663
499,State Bank of India,CHITRAKOOT,SBIN0003869
500,Uttar Pradesh Gramin Bank,Uttar Pradesh,BARB0BUPGBX
501,Axis Bank, NOIDA,UTIB0001788
502,ICICI BANK LIMITED, MADHYA PRADESH,ICIC0001716
503,INDIAN BANK,BALRAMPUR,IDIB000B098
504,INDIAN BANK,UTRAULA,IDIB000U538
505,State Bank of India,BALRAMPUR,SBIN0000019
506,PUNJAB NATIONAL BANK, RAEBARELI,PUNB0684300
507,Bank of Baroda,GYANPUR,BARB0GYANBS
508,State Bank of India, CHHATARPUR,SBIN0001628
509,Bank of Baroda,GORKHAPUR,BARB0GORKHA
510,INDIAN BANK,ITIYATHOKE,IDIB000I546
511,HDFC Bank, LUCKNOW,HDFC0001136
512,UNION BANK OF INDIA,BHINGA,UBIN0557218
513,Bank of Baroda,SHRAVASTI,BARB0BHINGA
514,Uttar Pradesh Gramin Bank,UTTAR PRADESH ,BARB0BUPGBX
515,State Bank of India,SARAI KHAS,SBIN0009287
516,UNION BANK OF INDIA,SIDHAULI,UBIN0559393
517,Uttar Pradesh Gramin Bank,UTTAR PRADESH ,BARB0BUPGBX
518,INDIAN BANK, BALRAMPUR,IDIB000V531
519,Canara Bank,NIWARI,CNRB0005921
520,ICICI BANK LIMITED,LUCKNOW┬á,ICIC0006281
521,UNION BANK OF INDIA,KICHACHHA,UBIN0573710
522,Canara Bank,TELENDA,CNRB0019384
523,Bank of Baroda,GONDA,BARB0GONDAX
524,INDIAN BANK,IMILIA,IDIB000I517
525,Bank of Baroda,SHAHJAHANPUR,BARB0DIGURA
526,State Bank of India,LUCKNOW,SBIN0008066
527,INDIAN BANK,KUTUBGANJ,IDIB000K853
528,State Bank of India,JAIL ROAD,SBIN0009019
529,State Bank of India, AGRA,SBIN0011637
530,Bank of Baroda,CHILLA ROAD,BARB0CHILRD
531,State Bank of India,ATTARA,SBIN0005395
532,State Bank of India,BANDA,SBIN0000021
533,State Bank of India,CHITRAKOOT,SBIN0003869
534,UNION BANK OF INDIA,BANDA,UBIN0538043
535,Bank of Baroda,BANDA ,BARB0BANDXX
536,Bank of Baroda,TINDWARI,BARB0TINDWA
537,INDIAN BANK,BADAUSA,IDIB000B518
538,Bank Of India,CHITRAKOOT DHAM,BKID0006981
539,INDIAN BANK,CHAUSARH,IDIB000C561
540,PUNJAB NATIONAL BANK,MAWAI BUZURG,PUNB0743900
541,Bank of Baroda,BANDA,BARB0BANDXX
542,State Bank of India,SATNA,SBIN0016748
543,UCO BANK,JABALPUR,UCBA0002003
544,State Bank of India,KARWI,SBIN0000110
545,Axis Bank,MAHOBA,UTIB0001913
546,Axis Bank,VIBHUTI KHAND,UTIB0002800
547,Bank of Baroda,TINDWARI,BARB0TINDWA
548,State Bank of India,T.D COLLEGE,SBIN0010176
549,ICICI bank,ICICI BANK,ICIC0002413
550,Uttar Pradesh Gramin Bank,Uttar Pradesh,BARB0BUPGBX
551,Bank of Baroda,KATNI BRANCH,BARB0KATNIX
552,Bank of Baroda,BANDA,BARB0BANDXX
553,Bank Of India,BANDA,BKID0006979
554,Punjab National Bank,ATTARRA,PUNB0684600
555,INDIAN BANK,KHURHAND,IDIB000K712
556,Indian Overseas Bank ,CHITRAKOOT DHAM KARWI,IOBA0002472
557,Indian Bak,JABALPUR ,IDIB000J502
558,Bank of Baroda,ATARRA,BARB0ATARRA
559,Bank of Baroda,BANDA ,BARB0BANDXX
560,State Bank of India,ATTARA,SBIN0002509
561,Axis Bank,VIBHUTI KHAND,UTIB0002800
562,IDBI BANK,BANDA,IBKL0001580
563,State Bank of India,ORCHHA ,SBIN0001942
564,State Bank of India,ATTARA,SBIN0002509
565,PUNJAB NATIONAL BANK,ATTARRA,PUNB0684600
566,State Bank of India,BABERU,SBIN0011206
567,PUNJAB NATIONAL BANK,BANDA,PUNB0054000
568,UNION BANK,JANKIKUND,UBIN0542148
569,State Bank of India,CHITRAKOOT,SBIN0003869
570,ICICI,ICICI BANK,ICIC0002413
571,INDIAN BANK,BANDA,IDIB000B597
572,State Bank of India,BABERU,SBIN0011206
573,State Bank of India,ATTARA,SBIN0002509
574,PUNJAB NATIONAL BANK,SATNA,PUNB0029110
575,State Bank of India,RATH,SBIN0000206
576,PUNJAB NATIONAL BANK,CHHATARPUR,PUNB0142400
577,Bank of Baroda,CHILLA ROAD,BARB0CHILRD
578,UNION BANK OF INDIA,KARVI,UBIN0559296
579,State Bank of India,BANDA,SBIN0000021
580,PUNJAB NATIONAL BANK,ATTARRA,PUNB0684600
581,State Bank of India, JHANSI,SBIN0061752
582,Axis Bank,VIBHUTI KHAND,UTIB0002800
583,Bank of Baroda, LUCKNOW,BARB0DALIGA
584,State Bank of India,TIKAIT NAGAR,SBIN0017286
585,State Bank of India,JANKIPURAM ,SBIN0012981
586,Bank of Baroda,JHUNSI,BARB0JHUNSI
587,PUNJAB NATIONAL BANK, BARABANKI,PUNB0185900
588,State Bank of India, RAEBARELI,SBIN0011218
589,UCO BANK,BANNAUR,UCBA0001203
590,Bank of Baroda,CHARBAUG ,BARB0CHARBA
591,State Bank of India, LUCKNOW,SBIN0014626
592,Bank of Baroda,LUCKNOW,BARB0AVALUC
593,CENTRAL BANK OF INDIA,RASOOLPUR ,CBIN0282674
594,PUNJAB NATIONAL BANK,LUCKNOW,PUNB0414000
595,ICICI BANK LIMITED,LUCKNOW,ICIC0003532
596,UNION BANK OF INDIA,FATEHPUR,UBIN0558079
597,Bank Of India,MAKANPUR,BKID0007516
598,State Bank of India,KANPUR,SBIN0003809
599,Bank Of India,DHARAULI,BKID0007513
600,State Bank of India,BARABANKI,SBIN0000023
601,CENTRAL BANK OF INDIA,KESHAVNAGAR,CBIN0283655
602,State Bank of India,JIYANPUR,SBIN0012995
603,UNION BANK OF INDIA,GODRIPATTI,UBIN0549185
604,FEDERAL BANK,BARABANKI,FDRL0001977
605,PUNJAB NATIONAL BANK,BARABANKI,PUNB0185900
606,Canara Bank,ZAIDPUR,CNRB0004423
607,State Bank of India,MAHOBA,SBIN0000128
608,State Bank of India,M.G.MARG,SBIN0006496
609,CENTRAL BANK OF INDIA,RUDAULI,CBIN0283700
610,State Bank of India,FATEHPUR,SBIN0000215
611,Bank of Baroda, SITAPUR,BARB0BISWAN
612,State Bank of India,BARABANKI,SBIN0000023
613,PUNJAB NATIONAL BANK,LUCKNOW,PUNB0241100
614,Bank of Baroda,BARABANKI,BARB0VJBBNK
615,State Bank of India,BARABANKI,SBIN0000023
616,PUNJAB AND SIND BANK,BARABANKI,PSIB0021115
617,ICICI BANK LIMITED,BARABANKI,ICIC0000515
618,UNION BANK OF INDIA,BARABANKI,UBIN0537152
619,State Bank of India,LUCKNOW,SBIN0007789
620,State Bank of India,PHAPHAMAU,SBIN0003487
621,PUNJAB NATIONAL BANK,KSHETRIYA SHRI ,PUNB0602600
622,UNION BANK OF INDIA,LUCKNOW ,UBIN0553140
623,State Bank of India,GANESHGANJ,SBIN0001898
624,State Bank of India,RAMSANEHI GHAT,SBIN0000239
625,Indian Bank,Barabanki,IDIB000B636
626,Bank of Baroda,RAE BARELI,BARB0KHATOU
627,UNION BANK OF INDIA,MUNSHIPULIA ,UBIN0553361
628,State Bank of India,JANKIPURAM,SBIN0015116
629,Bank of Baroda,TIKAIT NAGAR,BARB0TIKAIT
630,Axis Bank,LUCKNOW,UTIB0000053
631,UCO BANK,SIDDHAUR,UCBA0003163
632,UCO BANK,MAHMUDABAD,UCBA0000385
633,Bank of Baroda,BULANDSHAHR,BARB0AKBABU
634,State Bank of India,HAIDARGARH,SBIN0004479
635,UNION BANK OF INDIA,HARDOEYA,UBIN0565946
636,UNION BANK OF INDIA,LUCKNOW ,UBIN0931781
637,State Bank of India,BARAIL,SBIN0015680
638,State Bank of India,JANKIPURAM ,SBIN0012981
639,State Bank of India, BARABANKI,SBIN0017284
640,PUNJAB NATIONAL BANK, FAIZABAD,PUNB0418100
641,State Bank of India,BADO SARAI,SBIN0018777
642,BANDHAN BANK LIMITED,Barabanki,BDBL0001907
643,INDIAN BANK,DEOKHALI ,IDIB000D571
644,PUNJAB AND SIND BANK,BADOSARAI,PSIB0021321
645,State Bank of India,DHAMMAUR,SBIN0016459
646,Bank Of India,SIDDHAUR,BKID0007526
647,State Bank of India,NEORIA  ,SBIN0004553
648,Bank of Baroda,KUDESIA PHATAK,BARB0KUDESI
649,Canara Bank,AGRA BODLA,CNRB0001441
650,State Bank of India,BAREILLY COLLEGE,SBIN0001960
651,State Bank of India,EKTA NAGAR,SBIN0005362
652,State Bank of India,RAMPUR GARDEN,SBIN0013226
653,PUNJAB NATIONAL BANK,ALIGARH,PUNB0656200
654,State Bank of India,POLICE LINES ,SBIN0061637
655,INDIAN BANK,KATRA BAZAR,IDIB000K634
656,Uttar Pradesh Gramin Bank,Uttar Pradesh,BARB0BUPGBX
657,SYNDICATE BANK,PILIBHIT,CNRB0002198
658,State Bank of India,BAREILLY ,SBIN0001960
659,UNION BANK OF INDIA, BAREILY,UBIN0829897
660,PUNJAB NATIONAL BANK,BAREILLY ,PUNB0613400
661,THE NAINITAL BANK LIMITED,FARIDPUR,NTBL0FAR106
662,State Bank of India,NAWABGANJ,SBIN0004716
663,PUNJAB NATIONAL BANK,GAINI,PUNB0211100
664,Bank of Baroda,NAVIN MANDI ,BARB0HALNAV
665,HDFC Bank,TRANS YAMUNA,HDFC0004134
666,UNION BANK OF INDIA, BARELI,UBIN0539694
667,CENTRAL BANK OF INDIA,GHAZIABAD,CBIN0280257
668,State Bank of India,DEVCHARA,SBIN0011170
669,State Bank of India,BAREILLY ,SBIN0001960
670,State Bank of India,BAREILLY,SBIN0016725
671,State Bank of India,ADB PILBHIT,SBIN0001667
672,Bank of Baroda, BAREILLY,BARB0RICHHA
673,Bank of Baroda, SONBHADRA,BARB0ROBERT
674,State Bank of India,MAHANAGAR,SBIN0016725
675,Bank Of India,BADAUN,BKID0007842
676,PUNJAB NATIONAL BANK,SAMBHAL,PUNB0089300
677,Bank of Baroda, BAREILLY,BARB0PARSKH
678,PUNJAB NATIONAL BANK,BUDAUN ,PUNB0124300
679,Bank Of India,JHANSI,BKID0006930
680,State Bank of India, HATHRAS,SBIN0017573
681,Bank of Baroda, BAREILY,BARB0FARIDP
682,State Bank of India,BAZPUR,SBIN0000617
683,INDIAN BANK,DEOLAND,IDIB000D572
684,Bank Of India,BADAUN,BKID0007842
685,State Bank of India,SHIAMGANJ,SBIN0001819
686,UNION BANK OF INDIA,MAHOLI,UBIN0568961
687,Bank of Baroda,KEMRI,BARB0KEMRIX
688,Baroda Uttar Pradesh Gramin Bank, UTTAR PRADESH ,BARB0BUPGBX
689,HDFC Bank,KALKAJI,HDFC0001559
690,State Bank of India,ADB KASGANJ,SBIN0004504
691,State Bank of India,DEORANIAN,SBIN0015530
692,Axis Bank,LUCKNOW,UTIB0000407
693,State Bank of India,RAJENDRA NAGAR,SBIN0018455
694,Bank Of India,BASTI,BKID0007170
695,Bank Of India,BASTI,BKID0007170
696,UNION BANK OF INDIA,SARAIYAN NANHU,UBIN0572624
697,State Bank of India,LUCKNOW ,SBIN0014906
698,PUNJAB NATIONAL BANK,GARWHA,PUNB0405100
699,State Bank of India,MUNDERWA,SBIN0002583
700,State Bank of India, DHAMDAHA,SBIN0001849
701,State Bank of India,SAADATGANJ,SBIN0011642
702,IDBI BANK,HARDOI,IBKL0000342
703,Axis Bank, LUCKNOW,UTIB0003400
704,Bank of Baroda,AMBEDKAR NAGAR,BARB0ARIYAX
705,UNION BANK OF INDIA,CHOWRINGHEE ROAD,UBIN0540161
706,PUNJAB NATIONAL BANK,BASTI ,PUNB0058700
707,HDFC Bank,BASTI,HDFC0001888
708,Axis Bank,VIBHUTI KHAND,UTIB0002800
709,State Bank of India,ITWA,SBIN0002553
710,Canara Bank,BASTI,CNRB0019246
711,State Bank of India,BASTI,SBIN0016950
712,Bank of Baroda, FAIZABAD,BARB0DEOKAL
713,Axis Bank,NOIDA,UTIB0001788
714,HDFC Bank,LUCKNOW ,HDFC0000078
715,Bank of Baroda,BASTI,BARB0CIVBAS
716,State Bank of India,COURT AREA,SBIN0006211
717,State Bank of India,GOPALPUR,SBIN0010884
718,PUNJAB NATIONAL BANK,AKBARPUR,PUNB0625700
719,State Bank of India, DOMARIAGANJ,SBIN0005956
720,State Bank of India,JAIL ROAD,SBIN0009019
721,HDFC Bank, KANPUR,HDFC0002080
722,Canara Bank,BASTI,CNRB0002787
723,Bank of Baroda,RAJESULTANPUR,BARB0RAJESU
724,Bank of Baroda,SULTANPUR,BARB0MUNSHI
725,State Bank of India,RUDHAULI,SBIN0002604
726,State Bank of India,BASTI,SBIN0000031
727,State Bank of India,BHADAWAL,SBIN0009571
728,State Bank of India,COURT AREA,SBIN0006211
729,INDIAN BANK,ALAM BAGH,IDIB000L556
730,PUNJAB NATIONAL BANK,JIGGNA,PUNB0090020
731,Canara Bank,AKBARPUR,CNRB0018645
732,Bank of Baroda,SULTANPUR ,BARB0SULTAN
733,State Bank of India,NARAINI BANDA,SBIN0017333
734,HDFC Bank,BASTI II,HDFC0009598
735,State Bank of India,BASTI,SBIN0011200
736,PUNJAB NATIONAL BANK,BASTI ,PUNB0628000
737,State Bank of India,BASKHARI,SBIN0011233
738,HDFC Bank,BASTI,HDFC0001888
739,State Bank of India,BANKATI,SBIN0006392
740,Axis Bank,AYODHYA,UTIB0002795
741,HDFC Bank, NOIDA,HDFC0002649
742,UNION BANK OF INDIA,SAIDPUR JAGIR,UBIN0570834
743,PUNJAB NATIONAL BANK,MIRZAPUR ,PUNB0386600
744,Bank of Baroda,BASTI,BARB0CIVBAS
745,State Bank of India,BANKATI,SBIN0006392
746,HDFC Bank,KANPUR,HDFC0002080
747,Baroda Uttar Pradesh Gramin Bank,LALGANJ,BARB0BUPGBX
748,State Bank of India,CAPTAINGANJ,SBIN0002533
749,Axis Bank, LUCKNOW,UTIB0003400
750,CENTRAL BANK OF INDIA, BASTI,CBIN0283265
751,HDFC Bank,BASTI,HDFC0001888
752,HDFC Bank,BASTI,HDFC0001888
753,State Bank of India,BANKATI,SBIN0006392
754,UNION BANK,BASTI,UBIN0821578
755,PUNJAB NATIONAL BANK,LUCKNOW,PUNB0631200
756,Bank of Baroda,BASTI,BARB0BASTIX
757,State Bank of India,BASTI,SBIN0017492
758,State Bank of India,Kumarbagh,SBIN0014306
759,State Bank of India,Basti,SBIN0006211
760,ICICI BANK LIMITED,SULTANPUR,ICIC0000443
761,State Bank of India,RUDHAULI,SBIN0002604
762,State Bank of India,BINAURA,SBIN0008315
763,Bank of Baroda,GORKHAPUR,BARB0GORKHA
764,HDFC Bank,FAIZABAD,HDFC0000862
765,PUNJAB NATIONAL BANK, BASTI,PUNB0124800
766,PUNJAB NATIONAL BANK,LUCKNOW,PUNB0242400
767,PUNJAB NATIONAL BANK,BIHAR,PUNB0640000
768,UNION BANK OF INDIA,FAIZABAD,UBIN0538515
769,State Bank of India,CAPTAINGANJ,SBIN0002533
770,UNION BANK OF INDIA,AHARULA,UBIN0536032
771,State Bank of India, RISHIKESH,SBIN0010586
772,State Bank of India, MORADABAD,SBIN0010308
773,PUNJAB NATIONAL BANK,SAHARANPUR,PUNB0166200
774,PRATHAMA U.P. GRAMIN BANK,Raebareli,BARB0BUPGBX
775,PUNJAB NATIONAL BANK, NAJIBABAD,PUNB0183400
776,State Bank of India,TANDA,SBIN0001785
777,State Bank of India,NEORIA  ,SBIN0004553
778,State Bank of India,RAMPUR,SBIN0000702
779,INDIAN BANK,MAHUA DABRA,IDIB000M561
780,ICICI BANK LIMITED,BIJNOR,ICIC0000997
781,Bank of Baroda,UTTARKHAND,BARB0JASPUR
782,Bank of Baroda, MORADABAD,BARB0KATMOR
783,PUNJAB NATIONAL BANK,BIJNORE,PUNB0005600
784,Uttar Pradesh Gramin Bank,Uttar Pradesh,BARB0BUPGBX
785,PUNJAB NATIONAL BANK,UKHLARSI,PUNB0027310
786,UNION BANK OF INDIA, SAHARANPUR,UBIN0534226
787,Punjab National Bank, BIJNOR ,PUNB0009600
788,Bank Of India,SADAR,BKID0006817
789,State Bank of India,BIJNOR,SBIN0000621
790,Canara Bank,DEHRADUN ,CNRB0018941
791,ICICI BANK LIMITED,DELHI-ITO,ICIC0000386
792,State Bank of India,NAGALJAT,SBIN0007002
793,Uttar Pradesh Gramin Bank,Uttar Pradesh,BARB0BUPGBX
794,State Bank of India,NAUGAON,SBIN0017297
795,PUNJAB NATIONAL BANK,RAMPUR ,PUNB0140900
796,PUNJAB NATIONAL BANK,GAJRAULA,PUNB0177500
797,State Bank of India,RAJA KA TAJPUR,SBIN0005961
798,Uttar Pradesh Gramin Bank,UTTAR PRADESH ,BARB0BUPGBX
799,Bank of Baroda,BIJNOR,BARB0DHAMPU
800,State Bank of India,SAHARANPUR,SBIN0004258
801,PUNJAB NATIONAL BANK, BIJNOR ,PUNB0300300
802,State Bank of India, MORADABAD,SBIN0017327
803,PUNJAB NATIONAL BANK,BIJNORE,PUNB0005600
804,PRATHAMA U.P. GRAMIN BANK,Raebareli,BARB0BUPGBX
805,State Bank of India,BIJNORE,SBIN0000621
806,State Bank of India,NOORPUR,SBIN0009762
807,State Bank of India,ALLEHPUR,SBIN0003468
808,State Bank of India,NEHTAUR,SBIN0011178
809,PUNJAB NATIONAL BANK,RBD BIJNOR,PUNB0477200
810,State Bank of India,CHANDPUR,SBIN0001599
811,PUNJAB NATIONAL BANK,MORADABAD,PUNB0601000
812,Bank of Baroda, BIJNOR,BARB0BASIKI
813,State Bank of India,NAJIBABAD,SBIN0000688
814,PUNJAB NATIONAL BANK,BIJNORE,PUNB0005600
815,CORPORATION BANK,BIJNOR,UBIN0918962
816,PUNJAB NATIONAL BANK,DHANAURA  ,PUNB0681400
817,HDFC Bank, UTTARAKHAND,HDFC0000725
818,State Bank of India,RAMPUR ,SBIN0004530
819,INDIAN BANK,BIJNOR,IDIB000B817
820,PUNJAB NATIONAL BANK,NAJIBABAD,PUNB0035700
821,PUNJAB NATIONAL BANK,NAJIBABAD,PUNB0035700
822,PRATHAMA U.P. GRAMIN BANK,Raebareli,BARB0BUPGBX
823,State Bank of India, MORADABAD,SBIN0017327
824,State Bank of India,BIJNOR,SBIN0000621
825,Canara Bank,"HAZRATGANJ, LUCKNOW",CNRB0000363
826,State Bank of India,KUMSCHIRGAON,SBIN0007831
827,PUNJAB NATIONAL BANK,AMROHA,PUNB0179010
828,PUNJAB NATIONAL BANK,SAHARAN,PUNB0311800
829,UNION BANK OF INDIA,MORADABAD,UBIN0577162
830,Bank of Baroda,KANPUR,BARB0BAKARG
831,UNION BANK OF INDIA,DHANUPURA,UBIN0818895
832,Axis Bank, NOIDA,UTIB0001788
833,Axis Bank,RICHHOLA ,UTIB0002540
834,Punjab National Bank,BUDAUN,PUNB0634100
835,PUNJAB NATIONAL BANK,CHAMRAUWA,PUNB0140900
836,State Bank of India,TUNDLA ,SBIN0007279
837,Bank of Baroda, BADAUN,BARB0BADAUN
838,State Bank of India,LALAURIKHERA,SBIN0012333
839,ICICI BANK LIMITED,BARIELLY,ICIC0000192
840,State Bank of India,BAREILLY ,SBIN0001960
841,PUNJAB NATIONAL BANK, BUDAUN ,PUNB0056800
842,State Bank of India,MAHOKHWA,SBIN0009572
843,State Bank of India,BareiLLY,SBIN0018516
844,PUNJAB NATIONAL BANK, BAREILLY,PUNB0606500
845,PUNJAB NATIONAL BANK,MAINPURI,PUNB0691800
846,Bank Of India,RUDRAPUR ,BKID0006892
847,State Bank of India,KURWA,SBIN0009874
848,Axis Bank,RICHHOLA ,UTIB0002540
849,Bank of Baroda, BADAUN,BARB0NEKPUR
850,PUNJAB NATIONAL BANK,AMBIAPUR,PUNB0101600
851,UNION BANK OF INDIA,NAWABGANJ,UBIN0569615
852,Canara Bank, BAREILLY,CNRB0002838
853,INDIAN BANK,SITAPUR ,IDIB000T580
854,Axis Bank,BADAUN,UTIB0001106
855,BANDHAN BANK LIMITED,Bareilly,BDBL0001634
856,HDFC Bank,BUDAUN,HDFC0002620
857,ICICI BANK LIMITED,BAREILLY,ICIC0001020
858,Axis Bank, BAREILLY,UTIB0001084
859,HDFC Bank,MORABADBAD,HDFC0000303
860,State Bank of India,USAWAN,SBIN0011187
861,UNION BANK OF INDIA,ROHILKHAND ,UBIN0550523
862,State Bank of India,BISAULI,SBIN0000598
863,PUNJAB NATIONAL BANK,BUDAUN,PUNB0634100
864,PUNJAB NATIONAL BANK, BUDAUN ,PUNB0122000
865,State Bank of India,BISAULI,SBIN0000598
866,UNION BANK OF INDIA,BADAUN,UBIN0559521
867,Bank of Baroda,BADAUN,BARB0NEKPUR
868,PUNJAB NATIONAL BANK,SITAPUR,PUNB0043100
869,State Bank of India,BUDAUN,SBIN0017304
870,State Bank of India, AMETHI,SBIN0018417
871,State Bank of India,NAWADA,SBIN0015673
872,State Bank of India,BUDAUN ,SBIN0003555
873,PUNJAB NATIONAL BANK, CANE SOCIETY,PUNB0411100
874,State Bank of India,POLICE LINES ,SBIN0061637
875,IDBI BANK,PILIBHIT,IBKL0001021
876,Bank of Baroda,SULTANPUR,BARB0MUNSHI
877,State Bank of India,PILIBHIT,SBIN0000699
878,HDFC Bank,BAREILLY,HDFC0000304
879,Bank of Baroda,MUSKARA,BARB0MUSKAR
880,PUNJAB NATIONAL BANK,MORADABAD,PUNB0601000
881,State Bank of India,BISAULI,SBIN0000598
882,State Bank of India,ISLAM NAGAR,SBIN0001696
883,Bank of Baroda,AGRA,BARB0BISAUL
884,State Bank of India,BUDAUN,SBIN0000623
885,PUNJAB NATIONAL BANK, BUDAUN ,PUNB0311300
886,UNION BANK OF INDIA,BADAUN,UBIN0559521
887,State Bank of India,FIROZABAD,SBIN0000641
888,State Bank of India,NAKATIA,SBIN0011165
889,State Bank of India,RISAULI NIZAM,SBIN0009327
890,PUNJAB NATIONAL BANK, BUDAUN,PUNB0183900
891,State Bank of India,SAIDPUR,SBIN0003963
892,Bank of Baroda, UTTAR PRADESH ,BARB0BUPGBX
893,PUNJAB NATIONAL BANK, BUDAUN,PUNB0183900
894,PUNJAB NATIONAL BANK,MIAOON,PUNB0254400
895,State Bank of India,LABHARI,SBIN0009451
896,PUNJAB NATIONAL BANK,BUDAUN,PUNB0634100
897,CENTRAL BANK OF INDIA,SAHASWAN,CBIN0282340
898,Bank of Baroda, BUDAUN,BARB0BLYKHE
899,State Bank of India,UJHANI,SBIN0002622
900,Bank of Baroda, BUDAUN,BARB0WAZIBS
901,Bank of Baroda,BUDAUN,BARB0BLYUJH
902,Canara Bank,BAREILLY,CNRB0018635
903,Bank of Baroda, BAREILLY,BARB0BLYAON
904,UCO BANK,BADAUN,UCBA0003169
905,Punjab Bank of India,KANPUR,PUNB0002710
906,Axis Bank,BADAUN,UTIB0001106
907,ICICI BANK LIMITED,BARIELLY,ICIC0000192
908,PUNJAB NATIONAL BANK, ALIGARH,PUNB0404600
909,UNION BANK OF INDIA,BHOJUBEER,UBIN0559652
910,PUNJAB NATIONAL BANK,JAUNPUR ,PUNB0673700
911,CENTRAL BANK OF INDIA,KONCH,CBIN0280171
912,PUNJAB NATIONAL BANK, BULANDSHAHR,PUNB0365600
913,HDFC Bank,ANUPSHAHR,HDFC0002162
914,State Bank of India,LEDIYARI,SBIN0011256
915,ALLAHABAD BANK,NARAINI,IDIB000N541
916,PUNJAB NATIONAL BANK,HASARI,PUNB0989200
917,ICICI BANK LIMITED,AGRA ,ICIC0001567
918,PUNJAB NATIONAL BANK,JHINJHAK,PUNB0070100
919,State Bank of India,SWAR,SBIN0000643
920,State Bank of India, BALLIA,SBIN0004554
921,Canara Bank, LUCKNOW,CNRB0002900
922,PUNJAB NATIONAL BANK,KHURJA RURAL,PUNB0682100
923,State Bank of India,VIKAS BHAWAN,SBIN0016353
924,State Bank of India,BUDAUN ,SBIN0003555
925,State Bank of India,BULANDSHAHR,SBIN0050281
926,INDIAN BANK,BABERU A D B,IDIB000B508
927,Bank Of India,SURAJPUR,BKID0007151
928,PUNJAB NATIONAL BANK,BULANDSHAHR,PUNB0026700
929,UNION BANK OF INDIA,TIKRI,UBIN0539945
930,PUNJAB NATIONAL BANK, BULANDSHAHR,PUNB0240200
931,PUNJAB NATIONAL BANK,BULANDSHAHR,PUNB0240200
932,ICICI BANK LIMITED,NEW DELHI ,ICIC0006291
933,HDFC Bank,BULLANDSHAHR,HDFC0000770
934,State Bank of India,SHAHABAD,SBIN0000714
935,Bank of Baroda,TINDWARI,BARB0TINDWA
936,HDFC Bank,RAMPUR,HDFC0001916
937,PUNJAB NATIONAL BANK,MAWANA,PUNB0031700
938,PUNJAB NATIONAL BANK,SAHARANPUR,PUNB0616800
939,INDIAN BANK,KHERWAHIA,IDIB000K699
940,Bank of Baroda,BHAJANPURA,BARB0BHADEL
941,State Bank of India,KURWA,SBIN0009874
942,State Bank of India,GABHANA,SBIN0003636
943,PUNJAB NATIONAL BANK,Kanpur,PUNB0494600
944,Canara Bank,MAJHOLA,CNRB0018826
945,State Bank of India,BASHRATPUR,SBIN0011188
946,Bank of Baroda,VALLEY BAZAR ,BARB0VALLEY
947,INDIAN OVERSEAS BANK,R B S COLLEGE,IOBA0000414
948,FEDERAL BANK,JAIPUR ,FDRL0001832
949,INDIAN OVERSEAS BANK,MEERUT,IOBA0001532
950,State Bank of India,PHARENDA,SBIN0003818
951,UNION BANK OF INDIA,MAROOFPUR,UBIN0548839
952,State Bank of India,JARKHORKALA,SBIN0015695
953,State Bank of India,SUDNA,SBIN0018028
954,State Bank of India,RAM NAGAR,SBIN0003091
955,UNION BANK OF INDIA,MAHARAI,UBIN0573850
956,UNION BANK OF INDIA,AURIHAR,UBIN0541567
957,State Bank of India, JAUNPUR,SBIN0003036
958,State Bank of India,CHAKIA,SBIN0000233
959,State Bank of India,DHANAPUR,SBIN0010888
960,Axis Bank,MIRZAPUR,UTIB0000506
961,CENTRAL BANK OF INDIA,BODHGAYA,CBIN0280045
962,State Bank of India,DILDAR NAGAR,SBIN0011251
963,State Bank of India,JATARA,SBIN0002856
964,State Bank of India,LUCKNOW,SBIN0007789
965,UNION BANK OF INDIA,CHAHANIA,UBIN0537161
966,State Bank of India,BEHEA,SBIN0003643
967,Bank Of India,BILLI,BKID0007016
968,State Bank of India,CHANDAULI,SBIN0003618
969,Canara Bank,GHOSHI ,CNRB0003418
970,State Bank of India,AHRAURA,SBIN0012729
971,Bank Of India,CHAHNIYA,BKID0006914
972,Axis Bank,BHITTI,UTIB0002547
973,IDBI BANK,CHITRAKOOT,IBKL0001984
974,State Bank of India,BHELUPURA,SBIN0001773
975,State Bank of India,KANKARBAGH ,SBIN0003564
976,PUNJAB NATIONAL BANK,ALLAHABAD ,PUNB0100100
977,ICICI BANK LIMITED,VARANASI┬á,ICIC0006283
978,Bank of Baroda,EMILIA BAZAR,BARB0EMILBS
979,INDIAN BANK,KAMALPUR,IDIB000K549
980,State Bank of India,BEHEA,SBIN0003643
981,UNION BANK OF INDIA,MOHAMMADABAD,UBIN0576611
982,Bank of Baroda,CHAKIA,BARB0CHAKBS
983,State Bank of India,SAYED RAJA,SBIN0014903
984,HDFC Bank,CHANDUALI,HDFC0004282
985,UNION BANK OF INDIA,SHEKHPURA,UBIN0571008
986,State Bank of India,BODH GAYA,SBIN0002739
987,UNION BANK OF INDIA,BHOJUBEER,UBIN0559652
988,Baroda Uttar Pradesh Gramin Bank, UTTAR PRADESH ,BARB0BUPGBX
989,State Bank of India,PBBBHABUA,SBIN0018025
990,State Bank of India,RAMGARH,SBIN0017163
991,State Bank of India,DALA,SBIN0001695
992,Canara Bank,NEW DELHI,CNRB0000348
993,State Bank of India,OBRA,SBIN0012601
994,INDIAN BANK,JHUNSI,IDIB000J612
995,Bank Of India,CHAHNIYA,BKID0006914
996,UNION BANK OF INDIA,CHANDAULI ,UBIN0559067
997,PUNJAB NATIONAL BANK,BRAHMPUR,PUNB0600500
998,Bank of Baroda,NAUBATPUR,BARB0NAUBBS
999,Bank of Baroda,VIJAYEEPUR,BARB0VIJAYE
1000,CENTRAL BANK OF INDIA,KARBI,CBIN0283397
1001,Bank of Baroda,MUSKARA,BARB0MUSKAR
1002,State Bank of India,SONEYPUR,SBIN0011207
1003,State Bank of India,MAHOBA,SBIN0000128
1004,State Bank of India,SATNA,SBIN0016748
1005,State Bank of India,KARWI,SBIN0000110
1006,Canara Bank,SATNA ,CNRB0017729
1007,PUNJAB NATIONAL BANK,KARWI,PUNB0459200
1008,UCO BANK,CHITRAKUT ,UCBA0002933
1009,State Bank of India,KARWI,SBIN0000110
1010,Bank of Baroda,CHITRAKOOT,BARB0CHITRA
1011,Bank of Baroda, FATEHPUR,BARB0INDCHA
1012,UNION BANK OF INDIA,JANKIKUND,UBIN0542148
1013,State Bank of India, PANNA,SBIN0030436
1014,INDIAN BANK,RAMNAGAR,IDIB000R564
1015,State Bank of India,WAIDHAN,SBIN0030521
1016,State Bank of India,CHITRAKOOT,SBIN0003869
1017,State Bank of India,SONEYPUR,SBIN0011207
1018,State Bank of India, PANNA,SBIN0030436
1019,PUNJAB NATIONAL BANK,PANNA ,PUNB0659800
1020,Bank of Baroda,CHITRAKOOT,BARB0CHITRA
1021,CENTRAL BANK OF INDIA,KARBI,CBIN0283397
1022,Bank of Baroda,CHITRAKOOT,BARB0CHITRA
1023,State Bank of India,UMARIA,SBIN0001349
1024,State Bank of India,CHITRAKOOT,SBIN0003869
1025,UCO BANK,CHITRAKUT ,UCBA0002933
1026,UNION BANK,MAHOBA,UBIN0563633
1027,State Bank of India,KARWI,SBIN0000110
1028,INDIAN BANK,KARWI,IDIB000V529
1029,UNION BANK OF INDIA,DEORIA,UBIN0555894
1030,State Bank of India, DEORIA,SBIN0016602
1031,Bank Of India,BAKHRI BAZAR,BKID0005830
1032,State Bank of India,TARKULWA,SBIN0009980
1033,State Bank of India, DEORIA,SBIN0016602
1034,State Bank of India,BHATNI,SBIN0012868
1035,UNION BANK OF INDIA,DEORIA,UBIN0537136
1036,INDIAN BANK,BANKATA BAZAR,IDIB000B622
1037,UNION BANK OF INDIA,DEORIA,UBIN0537136
1038,CENTRAL BANK OF INDIA,BHERAPAKAD,CBIN0282984
1039,Bank of Baroda,BHU BRANCH,BARB0BHUVAR
1040,Baroda Uttar Pradesh Gramin Bank, UTTAR PRADESH ,BARB0BUPGBX
1041,UNION BANK OF INDIA,BARHAJ,UBIN0566497
1042,Bank Of India,MAIRWA,BKID0004679
1043,State Bank of India,ARARIA,SBIN0000009
1044,State Bank of India,DEORIA ,SBIN0012476
1045,State Bank of India,RASRA,SBIN0000168
1046,State Bank of India,DEORIA ,SBIN0012476
1047,State Bank of India,Lar,SBIN0011162
1048,Bank of Baroda,BILTHARA ROAD,BARB0BILTBS
1049,Canara Bank,DEORIA II,CNRB0018963
1050,State Bank of India, DEORIA,SBIN0016601
1051,State Bank of India,PADRAUNA,SBIN0000148
1052,INDIAN BANK,VARANASI,IDIB000M600
1053,Bank Of India,RAJAJI PURAM,BKID0006835
1054,UNION BANK OF INDIA,MAIRWA,UBIN0576191
1055,State Bank of India,CHAKRA ,SBIN0014580
1056,PUNJAB NATIONAL BANK,PADRAUNA,PUNB0143110
1057,State Bank of India, KANPUR DEHAT,SBIN0017174
1058,State Bank of India, PATNA,SBIN0006551
1059,INDIAN BANK,DEORIA,IDIB000D061
1060,PUNJAB NATIONAL BANK,DEORIA,PUNB0150700
1061,PUNJAB NATIONAL BANK,DEORIA ,PUNB0214700
1062,UNION BANK OF INDIA,TIKRI,UBIN0539945
1063,State Bank of India, DEORIA CITY,SBIN0012476
1064,CENTRAL BANK OF INDIA,CHAPAR,CBIN0281745
1065,State Bank of India,HAIDERGARH,SBIN0012829
1066,State Bank of India,RAJENDRA NAGAR,SBIN0018455
1067,CENTRAL BANK OF INDIA,BAITALPUR,CBIN0281387
1068,State Bank of India,RUDRAPUR,SBIN0010207
1069,State Bank of India,KISHUNPUR,SBIN0008258
1070,Canara Bank,LAAR,CNRB0003207
1071,State Bank of India, MUZAFFARPUR,SBIN0008960
1072,State Bank of India,DEORIA,SBIN0016601
1073,Bank of Baroda,BHU BRANCH,BARB0BHUVAR
1074,UNION BANK OF INDIA,BEHRA,UBIN0568546
1075,KARNATAKA BANK LIMITED,ALLAHABAD,KARB0000029
1076,UCO BANK,SANJAT,UCBA0001300
1077,State Bank of India,BHATPAR RANI,SBIN0011202
1078,Axis Bank,GORAKHPUR,UTIB0000331
1079,Baroda Uttar Pradesh Gramin Bank,UTTAR PRADESH ,BARB0BUPGBX
1080,PUNJAB NATIONAL BANK,DEORIA,PUNB0644800
1081,Canara Bank,CAMPIERGANJ,CNRB0005252
1082,PUNJAB NATIONAL BANK,SAHADATPUR,PUNB0478100
1083,HDFC Bank,GORAKHPUR,HDFC0000284
1084,Canara Bank,JHANGAHA,CNRB0019877
1085,State Bank of India,SIKANDERPUR,SBIN0002615
1086,CENTRAL BANK OF INDIA,RAGHAV NAGAR,CBIN0283393
1087,PUNJAB NATIONAL BANK, DEORIA,PUNB0820300
1088,State Bank of India,LAR,SBIN0011162
1089,PUNJAB NATIONAL BANK, DEORIA,PUNB0248400
1090,Bank of Baroda,LUCKNOW,BARB0HAZARA
1091,Axis Bank,VIBHUTI KHAND,UTIB0002800
1092,BARODA UP BANK,AUDEN PADARIYA,BARB0AUDENP
1093,State Bank of India,RATH,SBIN0000206
1094,State Bank of India,JETHARA,SBIN0011639
1095,State Bank of India,SULTANPUR ,SBIN0011216
1096,CENTRAL BANK OF INDIA, BANDA,CBIN0280180
1097,Bank Of India,KURAOLI,BKID0007707
1098,UNION BANK OF INDIA,NATKUR,UBIN0915238
1099,Bank of Baroda,BACHHRAWAN,BARB0BACHHR
1100,Punjab Bank of India, DEBIAPUR,PUNB0468700
1101,Baroda Uttar Pradesh Gramin Bank,UTTAR PRADESH ,BARB0BUPGBX
1102,State Bank of India,JASWANT NAGAR,SBIN0000658
1103,State Bank of India,RAMNAGAR,SBIN0006101
1104,State Bank of India,AURIYA,SBIN0010346
1105,State Bank of India, RAMNAGAR,SBIN0006101
1106,Bank of Baroda,IBRAHIMPUR,BARB0IBRAHI
1107,State Bank of India,VIAJPUR,SBIN0006635
1108,BANK OF MAHARASHTRA,NOIDA,MAHB0001201
1109,Bank Of India,Dibiyapur,BKID0006983
1110,CENTRAL BANK OF INDIA,AJITMAL,CBIN0280226
1111,Bank of Baroda,JALESAR,BARB0JALESA
1112,CENTRAL BANK OF INDIA,GUNA,CBIN0282156
1113,State Bank of India,JALAUN,SBIN0004564
1114,Indian Bank,FIROZABAD,IDIB000F520
1115,Bank of Baroda, ETAWAH ,BARB0BLYETA
1116,Canara Bank,ETAWAH,CNRB0002788
1117,UNION BANK OF INDIA,AJITMAL,UBIN0569941
1118,State Bank of India,SVBP UNIVERSITY ,SBIN0010653
1119,CENTRAL BANK OF INDIA,KRISHI UTPADAN,CBIN0284010
1120,State Bank of India,RAMNAGAR,SBIN0006101
1121,PUNJAB NATIONAL BANK,BABARPUR,PUNB0799900
1122,State Bank of India,AIT,SBIN0012833
1123,PUNJAB NATIONAL BANK,ETAWAH,PUNB0691900
1124,INDIAN BANK,ETAWAH,IDIB000E040
1125,State Bank of India,RRC FATEHGARH,SBIN0011510
1126,CORPORATION BANK,BHITOLI,UBIN0915203
1127,State Bank of India,ALLAHABAD,SBIN0018245
1128,State Bank of India,BISHESHWARGANJ,SBIN0001474
1129,PUNJAB NATIONAL BANK, ETAWAH ,PUNB0368500
1130,State Bank of India,ETAWAH,SBIN0000636
1131,State Bank of India, KANPUR,SBIN0000219
1132,State Bank of India,BUNDI,SBIN0031247
1133,State Bank of India,NTPC AURIYA,SBIN0010346
1134,State Bank of India,BHIND,SBIN0003512
1135,State Bank of India,MAINPURI,SBIN0000675
1136,Bank of Baroda, BHOPAL,BARB0MORARX
1137,Axis Bank,VIBHUTI KHAND,UTIB0002800
1138,UNION BANK OF INDIA,SONAURI,UBIN0542032
1139,State Bank of India,MORADABAD,SBIN0000682
1140,Bank of Baroda,RASOOLABAD,BARB0RASOOL
1141,Bank Of India,FATEHGARH,BKID0007610
1142,UNION BANK OF INDIA,FATEHGARH ,UBIN0563111
1143,State Bank of India,NTPC AURIYA,SBIN0010346
1144,State Bank of India,MORADABAD ,SBIN0050327
1145,UNION BANK OF INDIA,ROHILKHAND ,UBIN0550523
1146,BANDHAN BANK LIMITED,Delapeer,BDBL0001424
1147,Bank Of India,AJMATPUR,BKID0007626
1148,UNION BANK OF INDIA,BHITI,UBIN0573311
1149,State Bank of India,KANPUR ,SBIN0000107
1150,State Bank of India, Farukhabad,SBIN0011210
1151,PUNJAB NATIONAL BANK,BANDA,PUNB0054000
1152,Bank of Baroda, SHAHJAHANPUR,BARB0AKARRA
1153,Axis Bank,LUCKNOW,UTIB0000407
1154,State Bank of India, SUMERPUR,SBIN0002526
1155,State Bank of India,KAIMGANJ ,SBIN0003202
1156,Bank Of India,SITAPUR ROAD,BKID0006839
1157,State Bank of India,KHAGA,SBIN0000248
1158,State Bank of India,HARDOI ,SBIN0016168
1159,State Bank of India,PANNA,SBIN0000447
1160,HDFC Bank,AGRA ,HDFC0001934
1161,Bank of Baroda,CHITRAKOOT,BARB0CHITRA
1162,Bank of Baroda,HASWA,BARB0HASWAX
1163,PUNJAB NATIONAL BANK,KANPUR ,PUNB0234900
1164,State Bank of India,BIDHNU,SBIN0010895
1165,Bank of Baroda,FATEHPUR,BARB0REWFAT
1166,State Bank of India,PANNA,SBIN0030436
1167,CENTRAL BANK OF INDIA,BACHHRAWAN,CBIN0280149
1168,UNION BANK OF INDIA, KANPUR,UBIN0534951
1169,State Bank of India,MEJA,SBIN0001374
1170,State Bank of India,BAKEVAR BUJRG,SBIN0012864
1171,Bank of Baroda,CHITRAKOOT,BARB0CHITRA
1172,UNION BANK OF INDIA,BANDA,UBIN0538043
1173,Bank of Baroda,CHILLA ROAD,BARB0CHILRD
1174,BANK OF MAHARASHTRA,BASTI,MAHB0001429
1175,Bank of Baroda,BANDA ,BARB0BANDXX
1176,Bank of Baroda,NAUWABAGH,BARB0NAUWAB
1177,State Bank of India,JATARA,SBIN0002856
1178,BUPGB, UTTAR PRADESH ,BARB0BUPGBX
1179,State Bank of India,BANDA,SBIN0000021
1180,State Bank of India,KARWI,SBIN0000110
1181,State Bank of India,MANJHANPUR,SBIN0001118
1182,Uttar Pradesh Gramin Bank,Uttar Pradesh,BARB0BUPGBX
1183,State Bank of India,KANPUR,SBIN0001782
1184,State Bank of India,KHAGA,SBIN0000248
1185,State Bank of India,BINDKI ROAD,SBIN0003489
1186,PUNJAB NATIONAL BANK,LALGANJ ,PUNB0874900
1187,Axis Bank,VIBHUTI KHAND,UTIB0002800
1188,PUNJAB NATIONAL BANK,VARANASI,PUNB0418200
1189,Bank of Baroda,UTTAR PRADESH ,BARB0BUPGBX
1190,State Bank of India,ADB ATTARA,SBIN0005395
1191,PUNJAB NATIONAL BANK,FATEHPUR,PUNB0017000
1192,Axis Bank,MP NAGAR ZONE ,UTIB0003634
1193,State Bank of India,KORAKANAK,SBIN0009543
1194,Bank of Baroda,HATHGAON,BARB0HATHGA
1195,Bank of Baroda,FATEHPUR,BARB0NAUWAB
1196,State Bank of India,FATEHPUR,SBIN0005396
1197,State Bank of India,BANDA,SBIN0000021
1198,State Bank of India,ADB FATEHPUR,SBIN0005396
1199,Bank of Baroda,UTTAR PRADESH ,BARB0BUPGBX
1200,State Bank of India, FATEHPUR,SBIN0005396
1201,State Bank of India,NAINI,SBIN0000139
1202,UNION BANK OF INDIA,FATEHPUR,UBIN0559318
1203,State Bank of India, KANPUR,SBIN0017645
1204,Bank of Baroda,HAMIRPUR,BARB0MAUDAH
1205,Bank Of India,KIDWAI NAGAR,BKID0006960
1206,ICICI BANK LIMITED,KANPUR ,ICIC0000326
1207,Bank of Baroda,ASADHANA,BARB0ASADHA
1208,Bank of Baroda,RAE BARELI ,BARB0RAEBAR
1209,State Bank of India,MANJHANPUR,SBIN0001118
1210,State Bank of India,VARANASI,SBIN0050592
1211,State Bank of India, BANDA,SBIN0017333
1212,State Bank of India,THARIYAON,SBIN0006004
1213,Bank of Baroda,LALAULI,BARB0LALAUL
1214,Bank of Baroda,KAUSHAMBI,BARB0PASSAR
1215,State Bank of India,FATEHPUR,SBIN0000076
1216,State Bank of India,FATEHPUR,SBIN0000076
1217,Baroda Uttar Pradesh Gramin Bank, UTTAR PRADESH ,BARB0BUPGBX
1218,UNION BANK OF INDIA, JHANSI,UBIN0563102
1219,PUNJAB NATIONAL BANK,BUDAUN ,PUNB0124300
1220,Bank of Baroda,FIROZABAD,BARB0FIROZA
1221,State Bank of India, AGRA,SBIN0004100
1222,State Bank of India, MAINPURI,SBIN0016265
1223,KOTAK MAHINDRA BANK LIMITED, LUCKNOW,KKBK0005191
1224,State Bank of India,SSI AISH BAGH,SBIN0002504
1225,State Bank of India,BARI,SBIN0031065
1226,State Bank of India,PARHAM,SBIN0012528
1227,State Bank of India,ETAWAH MANDI,SBIN0002542
1228,State Bank of India, JASWANT NAGAR,SBIN0017225
1229,PUNJAB NATIONAL BANK,TUNDLA,PUNB0462600
1230,State Bank of India,JASWANT NAGAR,SBIN0000658
1231,PUNJAB NATIONAL BANK,TUNDLA,PUNB0462600
1232,Canara Bank,LUCKNOW,CNRB0002900
1233,State Bank of India,RAJAKHERA,SBIN0031071
1234,State Bank of India,BANDA CITY,SBIN0005747
1235,PUNJAB NATIONAL BANK,FIROZABAD,PUNB0038210
1236,Canara Bank,LUCKNOW,CNRB0002405
1237,INDIAN BANK,FIROZABAD,IDIB000S505
1238,State Bank of India,VARANASI,SBIN0000211
1239,Bank Of India,LALITPUR,BKID0006940
1240,Bank Of India,MAKHANPUR,BKID0007712
1241,State Bank of India,MOGORRA,SBIN0006494
1242,Axis Bank,TUNDLA,UTIB0003997
1243,PUNJAB NATIONAL BANK,KANPUR,PUNB0458600
1244,State Bank of India,AURAIYA,SBIN0000612
1245,State Bank of India,ORAI,SBIN0000147
1246,State Bank of India,BIJNOR,SBIN0000621
1247,PUNJAB NATIONAL BANK,DELHI,PUNB0105100
1248,PUNJAB NATIONAL BANK,FATEHPUR ,PUNB0180200
1249,Bank of Baroda,RAJASTHAN,BARB0BANDIK
1250,Bank of Baroda,CLOCKTOWER ,BARB0TRDGHA
1251,Bank of Baroda,YAMUNA EXPRESSWAY,BARB0YEIDAX
1252,State Bank of India,NAGALJAT,SBIN0007002
1253,State Bank of India,HIMMATPURI,SBIN0004838
1254,State Bank of India,TIKAMGARH,SBIN0030379
1255,Canara Bank,JARCHA,CNRB0018766
1256,State Bank of India,RAMKRISHNANAGAR,SBIN0015605
1257,ICICI BANK LIMITED,VIBHAVKHAND,ICIC0002376
1258,Bank of Baroda,NOIDA ,BARB0VJNOGC
1259,INDIAN BANK,VISHWAVIDYALAY,IDIB000M501
1260,Union Bank of India,SAHARANPUR  ,UBIN0530654
1261,PUNJAB NATIONAL BANK,BARAUT ,PUNB0004200
1262,State Bank of India,TIKAIT NAGAR,SBIN0017286
1263,Canara Bank,VARANASI,CNRB0001191
1264,State Bank of India,DILDAR NAGAR,SBIN0011251
1265,State Bank of India,JAKHANIA,SBIN0011245
1266,Bank of Baroda,GHAZIPUR,BARB0GHAZIP
1267,UNION BANK OF INDIA,BIHIYA,UBIN0576239
1268,State Bank of India,BHATAPARA,SBIN0000329
1269,Axis Bank,GHAZIPUR,UTIB0001160
1270,UNION BANK OF INDIA,MALIKPURA,UBIN0538400
1271,UNION BANK OF INDIA,DILDARNAGAR,UBIN0546631
1272,State Bank of India,JAUNPUR,SBIN0000099
1273,INDIAN OVERSEAS BANK,JAMANIA BAZAR,IOBA0003773
1274,Bank of Baroda,LUXA ROAD,BARB0LUXABS
1275,UNION BANK OF INDIA,VARANASI,UBIN0535613
1276,State Bank of India,MAUNATH BHANJAN,SBIN0000080
1277,State Bank of India,BILARIAGANJ,SBIN0012473
1278,Bank of Baroda,BHITKURI ,BARB0BHITKU
1279,PUNJAB NATIONAL BANK,VARANASI,PUNB0595700
1280,State Bank of India,BODH GAYA,SBIN0002739
1281,State Bank of India, OBRA,SBIN0016715
1282,UNION BANK OF INDIA, BHADOHI,UBIN0558559
1283,UNION BANK OF INDIA, CHANDAULI,UBIN0560553
1284,ICICI BANK LIMITED,SHIVALIK,ICIC0001823
1285,PUNJAB NATIONAL BANK, VARANASI,PUNB0404500
1286,State Bank of India,VARANASI,SBIN0000201
1287,Bank of Baroda,SONBHADRA,BARB0ROBERT
1288,State Bank of India, VARANASI,SBIN0002552
1289,State Bank of India,LUCKNOW  ,SBIN0070603
1290,State Bank of India,SAYED RAJA,SBIN0014903
1291,Bank of Baroda,LAKHIMPUR UP,BARB0LAKHIM
1292,UNION BANK OF INDIA,ZAMANIA ,UBIN0530441
1293,UNION BANK OF INDIA,DILDARNAGAR,UBIN0546631
1294,Bank of Baroda,CHAKIA,BARB0CHAKBS
1295,PUNJAB NATIONAL BANK,LALPUR,PUNB0754900
1296,Bank Of India,ALAMBAGH,BKID0006832
1297,UNION BANK OF INDIA,BASUPUR,UBIN0545333
1298,State Bank of India,SAIDPUR,SBIN0001096
1299,State Bank of India,RAIPUR,SBIN0009532
1300,Bank Of India,KANKARBAGH,BKID0004423
1301,HDFC Bank,UNNAO,HDFC0001918
1302,PUNJAB NATIONAL BANK,VARANASI ,PUNB0298800
1303,Bank of Baroda,RAJASTHAN,BARB0ITAWAX
1304,UNION BANK OF INDIA,BALRAMPUR,UBIN0557226
1305,Bank Of India,SUHWAL,BKID0007192
1306,State Bank of India,LDA COLONY,SBIN0011215
1307,State Bank of India,ITI MANKAPUR,SBIN0008549
1308,INDIAN BANK,BALRAMPUR,IDIB000B568
1309,CENTRAL BANK OF INDIA,PUKHRAYAN,CBIN0284500
1310,State Bank of India,LDA COLONY,SBIN0011215
1311,Bank of Baroda,HANUMANGANJ,BARB0HANSUL
1312,PUNJAB NATIONAL BANK,LUCKNOW,PUNB0185400
1313,CENTRAL BANK OF INDIA,KHUSHALGANJ,CBIN0282649
1314,State Bank of India,LDA COLONY,SBIN0011215
1315,PUNJAB NATIONAL BANK,BABU BANARSI ,PUNB0602700
1316,State Bank of India,WAZIRGANJ,SBIN0011235
1317,State Bank of India,Gonda,SBIN0016804
1318,Bank of Baroda, SULTANPUR,BARB0DOSTPU
1319,Bank of Baroda,SULTANPUR,BARB0MUNSHI
1320,Bank Of India,BAKSHI KA TALAB,BKID0006874
1321,Bank of Baroda,PRATAPPUR ,BARB0PRASUL
1322,State Bank of India,SANTHA,SBIN0011198
1323,State Bank of India,WAZIRGANJ,SBIN0011235
1324,INDIAN BANK,HUSSAINGANJ,IDIB000H596
1325,CENTRAL BANK OF INDIA,MAHANAGAR,CBIN0282148
1326,State Bank of India,Mankapur,SBIN0002577
1327,INDIAN BANK,BISHNUPUR ,IDIB000B839
1328,State Bank of India,Gonda,SBIN0016804
1329,State Bank of India,BELSAR,SBIN0005460
1330,State Bank of India,NEORIA  ,SBIN0004553
1331,State Bank of India, KANPUR,SBIN0016884
1332,State Bank of India,ITIYATHOK,SBIN0011236
1333,State Bank of India,SOHAWAL,SBIN0011229
1334,State Bank of India,GONDA,SBIN0016804
1335,INDIAN BANK,COLLECTORATE ,IDIB000C637
1336,IDBI BANK,GONDA,IBKL0001155
1337,State Bank of India,BARRA,SBIN0003554
1338,Bank of Baroda, RAI BARELI,BARB0DEDAUR
1339,State Bank of India,KANPUR,SBIN0003809
1340,State Bank of India,SEMRAUTA,SBIN0016707
1341,PUNJAB NATIONAL BANK,GONDA,PUNB0018100
1342,Canara Bank,LUCKNOW,CNRB0000363
1343,State Bank of India, ALIGARH,SBIN0016272
1344,Bank Of India,BASTI,BKID0007170
1345,UNION BANK OF INDIA,LUCKNOW ,UBIN0551406
1346,PUNJAB NATIONAL BANK,LUCKNOW,PUNB0423600
1347,State Bank of India,INDIRA NAGAR,SBIN0016169
1348,PUNJAB NATIONAL BANK,SULTANPUR,PUNB0391400
1349,INDIAN  BANK,BAUNDI ,IDIB000B875
1350,Canara Bank,LUCKNOW,CNRB0003210
1351,UNION BANK OF INDIA,BHARAULI ALA,UBIN0575950
1352,State Bank of India,GONDA,SBIN0000084
1353,UNION BANK OF INDIA,SOHRAMAU,UBIN0932922
1354,HDFC Bank,MAHMUDABAD,HDFC0002735
1355,ICICI BANK LIMITED,LUCKNOW┬á,ICIC0006281
1356,PUNJAB NATIONAL BANK,SEHORE (M.P),PUNB0716200
1357,State Bank of India,KANPUR,SBIN0017748
1358,UNION BANK OF INDIA,JALALABAD,UBIN0541532
1359,INDIAN OVERSEAS BANK,KHAJNI,IOBA0003570
1360,CENTRAL BANK OF INDIA,GAURI BAZAR,CBIN0281062
1361,HDFC Bank,BARAHALGANJ,HDFC0002154
1362,State Bank of India,BELGHAT,SBIN0015507
1363,State Bank of India,ALUMINIUM ,SBIN0015701
1364,State Bank of India,GOLGHAR,SBIN0003205
1365,Canara Bank,GORAKHPUR,CNRB0005128
1366,CENTRAL BANK OF INDIA,KARJAHA,CBIN0285107
1367,State Bank of India, JAUNPUR,SBIN0017267
1368,IDBI BANK,DEORIA,IBKL0001265
1369,State Bank of India,ADB KASIA,SBIN0005955
1370,State Bank of India,CAMPIERGANJ,SBIN0010882
1371,UNION BANK OF INDIA,CHANDESHWAR,UBIN0536652
1372,UNION BANK OF INDIA,MADANPUR,UBIN0548596
1373,ALLAHABAD BANK,GORAKHPUR ,IDIB000G610
1374,UNION BANK OF INDIA,GORAKHPUR,UBIN0549711
1375,State Bank of India,RAMKOLA,SBIN0012911
1376,State Bank of India,KHOONIPUR,SBIN0006992
1377,Bank of Baroda,ALLAHABAD,BARB0JHUNSI
1378,Bank of Baroda,CHAURI CHAURA,BARB0CHAURI
1379,State Bank of India,MADHUBANI,SBIN0000127
1380,State Bank of India,TILORA,SBIN0009302
1381,PUNJAB NATIONAL BANK,GORAKHPUR,PUNB0475500
1382,State Bank of India,JHUNGIA,SBIN0004810
1383,State Bank of India,SAHJANWA,SBIN0006502
1384,State Bank of India,DHANI,SBIN0003416
1385,IDBI BANK,GORAKHPUR,IBKL0000229
1386,PUNJAB NATIONAL BANK, GORAKHPUR,PUNB0187600
1387,State Bank of India,SAHJANWA,SBIN0006502
1388,PUNJAB NATIONAL BANK,CHAUMUKHA ,PUNB0794000
1389,State Bank of India,BARHALGANJ,SBIN0002520
1390,UCO BANK,SHAHPUR,UCBA0001699
1391,State Bank of India,RAJIV NAGAR,SBIN0010397
1392,Axis Bank,PADRAUNA,UTIB0001525
1393,State Bank of India,GORAKHNATH,SBIN0012994
1394,Axis Bank,AZAMGARH,UTIB0000528
1395,PUNJAB NATIONAL BANK, GORAKHPUR ,PUNB0160100
1396,PUNJAB NATIONAL BANK,KHAJNI,PUNB0620700
1397,State Bank of India,MAJHGAWAN,SBIN0013155
1398,PUNJAB NATIONAL BANK,GORAKHPUR ,PUNB0187500
1399,State Bank of India,GORAKHPUR,SBIN0016868
1400,State Bank of India,ASURAN CHOWK,SBIN0015503
1401,UNION BANK OF INDIA,BHAWAPAR,UBIN0545953
1402,State Bank of India,ALUMINIUM ,SBIN0015701
1403,PUNJAB NATIONAL BANK,GORAKHPUR,PUNB0475800
1404,UNION BANK OF INDIA,RAPTI NAGAR,UBIN0575020
1405,PUNJAB NATIONAL BANK,DHAMNOD ,PUNB0683300
1406,Bank of Baroda, PRATAPGARH,BARB0KATRAM
1407,State Bank of India,BASTI,SBIN0000031
1408,UNION BANK OF INDIA, FAIZABAD,UBIN0545392
1409,State Bank of India,CAMPIERGANJ,SBIN0010882
1410,State Bank of India,DHARAMSALA,SBIN0007896
1411,Bank of Baroda,RAE BARELI,BARB0BEDARO
1412,Canara Bank,DATIA,CNRB0004143
1413,State Bank of India, KHALILIBAD,SBIN0011827
1414,State Bank of India,MAHEVA CHUNGI,SBIN0011189
1415,State Bank of India,SONAULI,SBIN0006364
1416,State Bank of India,GORAKHPUR,SBIN0015117
1417,State Bank of India,GORAKHNATH,SBIN0012994
1418,State Bank of India,RUDRAPUR,SBIN0010207
1419,State Bank of India,GORAKHPUR,SBIN0016600
1420,PUNJAB NATIONAL BANK,MAHARAJGANJ,PUNB0291100
1421,State Bank of India,EKDARI,SBIN0008184
1422,State Bank of India,DHARHA BUJURG,SBIN0015687
1423,Bank Of India,ALIGANJ,BKID0006810
1424,State Bank of India,DULLAHPUR,SBIN0012504
1425,State Bank of India,ADB KASIA,SBIN0005955
1426,State Bank of India,BARHALGANJ,SBIN0002520
1427,State Bank of India,SAMASTIPUR ,SBIN0003600
1428,State Bank of India,PHULWARIA ,SBIN0009480
1429,PUNJAB NATIONAL BANK,GORKHPUR ,PUNB0018300
1430,Central Bank of India,MAHANAGAR,CBIN0282148
1431,INDIAN BANK,PRAYAGRAJ ,IDIB000P665
1432,State Bank of India,VARANASI,SBIN0000211
1433,State Bank of India,KUSHINAGAR,SBIN0015121
1434,CENTRAL BANK OF INDIA,URUWA,CBIN0284667
1435,UNION BANK OF INDIA,MUBARAKPUR,UBIN0530301
1436,Axis Bank,LUCKNOW,UTIB0000407
1437,State Bank of India,ALUMINIUM ,SBIN0015701
1438,State Bank of India,KISHUNPUR,SBIN0008258
1439,INDIAN OVERSEAS BANK,KHAJNI,IOBA0003570
1440,UNION BANK OF INDIA,KANJARA ,UBIN0546071
1441,PUNJAB NATIONAL BANK,GORAKHPUR,PUNB0080410
1442,Bank of Baroda,PIPRAICH,BARB0PIPRAI
1443,PUNJAB NATIONAL BANK,BANGRA,PUNB0127000
1444,UNION BANK OF INDIA,GORAKHPUR ,UBIN0530514
1445,INDIAN BANK,HAMIRPUR,IDIB000H523
1446,PUNJAB NATIONAL BANK,RAATH,PUNB0752300
1447,State Bank of India,RATH,SBIN0000206
1448,Axis Bank, MATHURA,UTIB0004450
1449,State Bank of India,HAMIRPUR,SBIN0000089
1450,INDIAN BANK,IMILIYA,IDIB000I518
1451,UNION BANK OF INDIA, KANPUR,UBIN0534951
1452,State Bank of India,MOOSA NAGAR,SBIN0002579
1453,INDIAN BANK,SARILA,IDIB000S583
1454,Bank of Baroda,RATH,BARB0RATHXX
1455,State Bank of India,RATH,SBIN0000206
1456,State Bank of India,KONCH,SBIN0000120
1457,State Bank of India,KALPI,SBIN0000236
1458,Axis Bank,VIBHUTI KHAND,UTIB0002800
1459,State Bank of India,ATTARA,SBIN0002509
1460,State Bank of India,MAHARAJPUR,SBIN0013662
1461,Uttar Pradesh Gramin Bank,Uttar Pradesh,BARB0BUPGBX
1462,State Bank of India,BANDHUR KHURD,SBIN0009691
1463,Axis Bank,BANDA,UTIB0001850
1464,State Bank of India, SATNA,SBIN0016748
1465,State Bank of India, JHANSI,SBIN0003808
1466,INDIAN BANK,SARILA,IDIB000S583
1467,Bank of Baroda,BANDA ,BARB0BANDXX
1468,Canara Bank,HAMIRPUR ,CNRB0018682
1469,Canara Bank,BANDA,CNRB0005877
1470,Bank of Baroda,RATH,BARB0RATHXX
1471,State Bank of India,ATTARA,SBIN0002509
1472,Bank of Baroda,HAMIRPUR ,BARB0HAMIRP
1473,State Bank of India,HAMIRPUR,SBIN0000089
1474,Bank of Baroda,ATARRA,BARB0ATARRA
1475,PUNJAB NATIONAL BANK,ATTARRA,PUNB0684600
1476,INDIAN BANK,HAMIRPUR ,IDIB000K816
1477,Canara Bank, LUCKNOW,CNRB0002534
1478,State Bank of India,MAHOBA,SBIN0000128
1479,Bank of Baroda,KEOLARIA,BARB0BHADPU
1480,Bank of Baroda,MUSKARA,BARB0MUSKAR
1481,Canara Bank,BANDA,CNRB0005877
1482,Bank of Baroda,MUSKARA,BARB0MUSKAR
1483,INDIAN BANK,KURARA,IDIB000K841
1484,State Bank of India, MADHOGARH,SBIN0003201
1485,Canara Bank,AMROHA,CNRB0018589
1486,INDIAN OVERSEAS BANK,HAPUR,IOBA0003311
1487,ICICI BANK LIMITED,MODINAGAR ,ICIC0001257
1488,State Bank of India,RAMPUR ,SBIN0010524
1489,State Bank of India,DADRI,SBIN0003342
1490,Bank Of India,SHAHJAHANPUR,BKID0006870
1491,PUNJAB NATIONAL BANK,GAJRAULA,PUNB0177500
1492,HDFC Bank,MORABADBAD,HDFC0000303
1493,PUNJAB NATIONAL BANK, SAHARANPUR,PUNB0372800
1494,State Bank of India,JALILPUR,SBIN0015531
1495,Axis Bank,VIBHUTI KHAND,UTIB0002800
1496,PUNJAB NATIONAL BANK, BULANDSHA,PUNB0220400
1497,PRATHAMA U.P. GRAMIN BANK,RAEBARELI,BARB0BUPGBX
1498,State Bank of India,SANDI,SBIN0011182
1499,Canara Bank,HARDOI,CNRB0004881
1500,Bank of Baroda, HARDOI,BARB0SANDIR
1501,Uttar Pradesh Gramin Bank,Uttar Pradesh,BARB0BUPGBX
1502,Bank of Baroda,HARDOI,BARB0HARDOI
1503,HDFC Bank,SANDILA,HDFC0002636
1504,State Bank of India,CHITRAKOOT,SBIN0003869
1505,Bank of Baroda,SARVANKHERA,BARB0SARVAN
1506,Uttar Pradesh Gramin Bank,Uttar Pradesh,BARB0BUPGBX
1507,INDIAN BANK,SADULLIPUR,IDIB000S510
1508,PUNJAB NATIONAL BANK,HARDOI,PUNB0631900
1509,Bank Of India,BALAMAU,BKID0007403
1510,State Bank of India,BANGARMAU,SBIN0006680
1511,HDFC Bank,KANNAUJ,HDFC0001902
1512,Bank of Baroda,KADIPUR,BARB0KADIPU
1513,State Bank of India,JAWAHAR BHAVAN,SBIN0006144
1514,Bank Of India,TATYURA,BKID0007538
1515,State Bank of India,NEORIA ,SBIN0004553
1516,Bank Of India,QUASIMPUR,BKID0007413
1517,State Bank of India,HARDOI,SBIN0000649
1518,State Bank of India,HARDOI,SBIN0000649
1519,PUNJAB NATIONAL BANK, LALITPUR,PUNB0626000
1520,Bank of Baroda, HARDOI,BARB0SANDIL
1521,Bank Of India,GONDARAO,BKID0007536
1522,State Bank of India,BIDHUNA,SBIN0001094
1523,Bank of Baroda, HARDOI,BARB0SANDIL
1524,State Bank of India,BAWAN,SBIN0012331
1525,Bank Of India,GHANSHYAMNAGAR,BKID0007419
1526,PUNJAB NATIONAL BANK,HARDOI,PUNB0364800
1527,UNION BANK OF INDIA, REWA,UBIN0549649
1528,HDFC Bank,GOLA ,HDFC0001905
1529,Canara Bank,SHAHABAD,CNRB0018758
1530,INDIAN BANK, HARDOI,IDIB000E504
1531,State Bank of India, HARDOI,SBIN0004012
1532,State Bank of India,HARDOI,SBIN0000649
1533,State Bank of India, LAKHIMPUR KHERI,SBIN0017331
1534,State Bank of India,MISRIKH,SBIN0001694
1535,Bank Of India,BISWAN,BKID0006872
1536,INDIAN BANK,PALIA,IDIB000P535
1537,Bank of Baroda,HARDOI,BARB0HARDOI
1538,HDFC Bank,KANPUR ,HDFC0000298
1539,Bank of Baroda,HARDOI,BARB0HARDOI
1540,State Bank of India,AMARPATAN,SBIN0005196
1541,Bank Of India,SANDILA,BKID0007407
1542,Bank of Baroda, RAE BARELI,BARB0INHRAE
1543,State Bank of India,MUGHALSARAI,SBIN0001869
1544,PUNJAB NATIONAL BANK, HARDOI,PUNB0410200
1545,State Bank of India,MALLAWAN,SBIN0011179
1546,Uttar Pradesh Gramin Bank,Uttar Pradesh,BARB0BUPGBX
1547,PUNJAB NATIONAL BANK, KANPUR,PUNB0187110
1548,Bank Of India,GOMTI NAGAR,BKID0006828
1549,State Bank of India, KANPUR,SBIN0003809
1550,State Bank of India,RAEBARELI,SBIN0000161
1551,State Bank of India, KANPUR,SBIN0006824
1552,HDFC Bank,GORAKHPUR,HDFC0000284
1553,Bank of Baroda, HARDOI,BARB0SANDIL
1554,State Bank of India, LUCKNOW,SBIN0018632
1555,Bank Of India,JAUNPUR,BKID0007295
1556,State Bank of India,BALAMAU,SBIN0011823
1557,State Bank of India,PIHANI,SBIN0011180
1558,State Bank of India,LUCKNOW ,SBIN0000125
1559,PUNJAB NATIONAL BANK,HARDOI,PUNB0410200
1560,Canara Bank,HUSEYPUR,CNRB0019363
1561,PUNJAB NATIONAL BANK,TILHAR,PUNB0410300
1562,Bank Of India,BANSA,BKID0007415
1563,CENTRAL BANK OF INDIA, KANNAUJ,CBIN0284009
1564,State Bank of India, SITAPUR,SBIN0005802
1565,PUNJAB NATIONAL BANK,HARDOI ,PUNB0186100
1566,UNION BANK OF INDIA,MUNSHIPULIA ,UBIN0553361
1567,UNION BANK OF INDIA,HARDOI,UBIN0540773
1568,State Bank of India,KANPUR,SBIN0003809
1569,State Bank of India,BALAMAU,SBIN0011823
1570,Axis Bank, NOIDA,UTIB0001788
1571,State Bank of India, KANPUR,SBIN0003809
1572,State Bank of India,LABEDI,SBIN0009546
1573,INDIAN OVERSEAS BANK,HATHRAS,IOBA0001474
1574,PUNJAB NATIONAL BANK,KHANDOLI,PUNB0484500
1575,State Bank of India, AGRA,SBIN0002467
1576,State Bank of India, JALAUN,SBIN0016722
1577,State Bank of India,ADB AJITMAL,SBIN0001666
1578,Bank of Baroda,SASNIGATE ,BARB0SASNIG
1579,Canara Bank, ALIGARH,CNRB0003072
1580,State Bank of India,CHRIST NAGAR,SBIN0011163
1581,State Bank of India,HAMIRPUR,SBIN0000089
1582,State Bank of India, ALIGARH,SBIN0018790
1583,ICICI BANK LIMITED,TUNDLA,ICIC0003200
1584,State Bank of India,SASNI,SBIN0011317
1585,Axis Bank,VIBHUTI KHAND,UTIB0002800
1586,Axis Bank,AURAIYA,UTIB0002898
1587,State Bank of India, MADHOGARH,SBIN0003201
1588,State Bank of India, ORAI,SBIN0006031
1589,Punjab Bank of India,RAATH,PUNB0752300
1590,ICICI BANK LIMITED,DELHI ,ICIC0006633
1591,Bank of Baroda,CHILLA ROAD,BARB0CHILRD
1592,State Bank of India, AURIYA,SBIN0010346
1593,ICICI BANK LIMITED,BULANDHSHAHAR,ICIC0001916
1594,Bank of Baroda,ORAI,BARB0ORAIXX
1595,State Bank of India,LAHAR,SBIN0010842
1596,PUNJAB NATIONAL BANK,PARIYAVALI,PUNB0796900
1597,HDFC Bank,JHANSI,HDFC0000453
1598,State Bank of India, JALAUN,SBIN0016722
1599,CENTRAL BANK OF INDIA,AER,CBIN0281828
1600,Bank of Baroda,PARTAPUR ,BARB0PARRAJ
1601,Axis Bank, BHOPAL,UTIB0001682
1602,Axis Bank,LUCKNOW,UTIB0000407
1603,PUNJAB NATIONAL BANK,PUKHRAYAN,PUNB0487400
1604,State Bank of India,AIT,SBIN0012833
1605,Axis Bank,VIBHUTI KHAND,UTIB0002800
1606,PUNJAB NATIONAL BANK,JHANSI ,PUNB0066500
1607,State Bank of India,ORAI ,SBIN0006031
1608,IDBI BANK,KUTHOND,IDIB000K852
1609,Bank of Baroda,ORAI,BARB0VJORAI
1610,HDFC Bank,JHANSI,HDFC0000453
1611,State Bank of India,MAHOBA,SBIN0000128
1612,Bank of Baroda,BANDA ,BARB0BANDXX
1613,Bank of Baroda,JALAUN,BARB0ORAIXX
1614,INDIAN BANK,KONCH,IDIB000K783
1615,PUNJAB NATIONAL BANK,JHANSI ,PUNB0022900
1616,INDIAN BANK,ORAI ,IDIB000O512
1617,PUNJAB NATIONAL BANK,KONCH,PUNB0752400
1618,INDIAN BANK,ORAI ,IDIB000O512
1619,Bank Of India,ORAI,BKID0006964
1620,INDIAN BANK,AIT ,IDIB000A545
1621,PUNJAB NATIONAL BANK,NAJIBABAD,PUNB0035700
1622,State Bank of India,CHITRAKOOT,SBIN0003869
1623,Bank of Baroda,SATNA BRANCH,BARB0SATNAX
1624,INDIAN BANK,M-G-GRAMODAY VISHWAVIDYALAY,IDIB000M501
1625,Axis Bank,MP ,UTIB0003634
1626,State Bank of India, JHANSI,SBIN0003808
1627,Axis Bank,VIBHUTI KHAND,UTIB0002800
1628,CENTRAL BANK OF INDIA, JHANSI,CBIN0282043
1629,HDFC Bank,SHIVPURI,HDFC0000907
1630,State Bank of India,SHOPPING CENTRE,SBIN0005382
1631,UNION BANK OF INDIA,TIKRI,UBIN0539945
1632,UNION BANK OF INDIA,JAUNPUR,UBIN0558583
1633,State Bank of India,KURWA,SBIN0009874
1634,Bank of Baroda,PHULPUR,BARB0PHULPU
1635,State Bank of India,SIGRA,SBIN0002614
1636,UNION BANK OF INDIA,RAMNAGAR,UBIN0573736
1637,Bank Of India,JAUNPUR,BKID0007295
1638,HDFC Bank,HANDIA,HDFC0004241
1639,ICICI BANK LIMITED,JAUNPUR,ICIC0000890
1640,State Bank of India,VARANASI,SBIN0017278
1641,UNION BANK OF INDIA,MACHHLISHAHR,UBIN0538388
1642,Bank of Baroda,RAMKATORA,BARB0RAMKAT
1643,INDIAN OVERSEAS BANK,AURAIYA,IOBA0003638
1644,HDFC Bank,MUMBAI ,HDFC0000228
1645,IDBI BANK,BANJARA HILLS,IBKL0000028
1646,UNION BANK OF INDIA,ILTIFAGANJ ,UBIN0576531
1647,Bank of Baroda,PILIKOTHI ,BARB0PILIKO
1648,Axis Bank,LUCKNOW,UTIB0000407
1649,State Bank of India,CHERKI BAZAR,SBIN0017426
1650,Axis Bank, NEW DELHI,UTIB0001021
1651,State Bank of India, AZAMGARH,SBIN0017646
1652,State Bank of India,JAUNPUR,SBIN0000099
1653,UNION BANK OF INDIA,TIKRI,UBIN0539945
1654,UNION BANK OF INDIA,TIKRI,UBIN0539945
1655,INDIAN BANK,SANGIPUR,IDIB000S565
1656,State Bank of India,KACHHAWA,SBIN0012303
1657,PUNJAB NATIONAL BANK,LUCKNOW,PUNB0423600
1658,PUNJAB NATIONAL BANK,VARANASI ,PUNB0298800
1659,UNION BANK OF INDIA,NARAIBANDH,UBIN0543381
1660,State Bank of India,MACHHLISHAHAR,SBIN0001686
1661,INDIAN BANK,K G MEDICAL ,IDIB000K656
1662,UNION BANK OF INDIA,GYANPUR,UBIN0530395
1663,State Bank of India,AKHAND NAGAR,SBIN0005682
1664,Uttar Pradesh Gramin Bank,Uttar Pradesh,BARB0BUPGBX
1665,UNION BANK OF INDIA,ALAMGANJ,UBIN0547859
1666,Bank of Baroda,GYANPUR,BARB0GYANBS
1667,State Bank of India,JAUNPUR BAZAR,SBIN0001224
1668,UNION BANK OF INDIA,ALAMGANJ,UBIN0547859
1669,PUNJAB NATIONAL BANK, ETAWAH ,PUNB0368500
1670,State Bank of India,ALLAHABAD ,SBIN0002506
1671,INDIAN BANK,VARANASI ,IDIB000C547
1672,Bank of Baroda,CHAKIA,BARB0CHAKBS
1673,UNION BANK OF INDIA,GHAZIPUR ,UBIN0551431
1674,State Bank of India,CHANDWAK,SBIN0010890
1675,State Bank of India,VARANASI,SBIN0002596
1676,Bank of Baroda,MARIHAN,BARB0MARIHA
1677,Bank Of India,PRATAPGARH,BKID0007030
1678,State Bank of India, MIRZAPUR,SBIN0061765
1679,HDFC Bank,KALYANPUR,HDFC0004462
1680,State Bank of India,RAM NAGAR,SBIN0003091
1681,UNION BANK OF INDIA,MEHNAGAR,UBIN0535737
1682,State Bank of India,T.D COLLEGE,SBIN0010176
1683,State Bank of India,ROBERTSGANJ,SBIN0000170
1684,Bank Of India,SUNDERPUR,BKID0007189
1685,UNION BANK OF INDIA,RESORA,UBIN0915564
1686,State Bank of India,NAINI,SBIN0000139
1687,UNION BANK OF INDIA,ROTAHA,UBIN0541176
1688,HDFC Bank,KANPUR,HDFC0002042
1689,Bank of Baroda,MUHIUDDINPUR,BARB0MUHIUD
1690,CENTRAL BANK OF INDIA,JHANSI,CBIN0281501
1691,Bank of Baroda,DHOLPUR ,BARB0DHOLPU
1692,State Bank of India,GURSARAI,SBIN0010894
1693,Canara Bank,MOTH,CNRB0005331
1694,State Bank of India,BADA MALEHRA,SBIN0002823
1695,PUNJAB NATIONAL BANK, ETAWAH,PUNB0368500
1696,State Bank of India, LUCKNOW,SBIN0004619
1697,PUNJAB NATIONAL BANK,JHANSI ,PUNB0222300
1698,ICICI BANK LIMITED,JHANSI,ICIC0001581
1699,Axis Bank,ICHAPUR,UTIB0002880
1700,State Bank of India,RAMBAGH ,SBIN0003180
1701,State Bank of India,ORCHHA ,SBIN0001942
1702,CENTRAL BANK OF INDIA,CHIRGAON,CBIN0280177
1703,State Bank of India,BIJEYPUR,SBIN0030091
1704,State Bank of India, JHANSI,SBIN0003808
1705,Axis Bank,MAURANIPUR,UTIB0002160
1706,Bank Of India,MAURANIPUR,BKID0007352
1707,PUNJAB NATIONAL BANK,JHANSI ,PUNB0222300
1708,UNION BANK OF INDIA,GURSARAI,UBIN0577103
1709,State Bank of India, TIKAMGARH,SBIN0030379
1710,Canara Bank,JHANSI II,CNRB0018694
1711,State Bank of India,DIGODA,SBIN0003178
1712,PUNJAB NATIONAL BANK, JHANSI ,PUNB0316900
1713,PUNJAB NATIONAL BANK,JHANSI ,PUNB0247600
1714,State Bank of India,JALAUN,SBIN0004564
1715,PUNJAB NATIONAL BANK,MAURANIPUR ,PUNB0367300
1716,State Bank of India,MAHOBA ,SBIN0016836
1717,Uttar Pradesh Gramin Bank,Uttar Pradesh,BARB0BUPGBX
1718,State Bank of India,LAUNDI,SBIN0002873
1719,State Bank of India,RAJGHAT,SBIN0005952
1720,UNION BANK OF INDIA,JHANSI,UBIN0534617
1721,Bank Of India,ORAI,BKID0006964
1722,State Bank of India,  JHANSI,SBIN0003808
1723,State Bank of India,  JHANSI,SBIN0003808
1724,HDFC Bank,JHANSI,HDFC0002004
1725,State Bank of India, PIPARIYA,SBIN0030358
1726,Bank of Baroda,LALITPUR ,BARB0LALITP
1727,State Bank of India,KALYANPUR,SBIN0001962
1728,Bank Of India,KANNAUJ,BKID0007602
1729,State Bank of India,KANNAUJ,SBIN0000664
1730,PUNJAB NATIONAL BANK, FARRUKHABAD,PUNB0193400
1731,Bank of Baroda,KANNAUJ,BARB0BLYKAN
1732,Axis Bank,VIBHUTI KHAND,UTIB0002800
1733,CENTRAL BANK OF INDIA, KANNAUJ,CBIN0284009
1734,Bank Of India,SAURIKH,BKID0007607
1735,State Bank of India,JASWANT NAGAR,SBIN0000658
1736,Bank Of India,KANNAUJ,BKID0007602
1737,State Bank of India,CHHIBRAMAU,SBIN0017086
1738,INDIAN BANK,TIRWA,IDIB000T595
1739,Bank Of India,KANNAUJ,BKID0007602
1740,State Bank of India,JALALABAD,SBIN0003544
1741,PUNJAB NATIONAL BANK,FARRUKHABAD,PUNB0016900
1742,State Bank of India,FATEHGARG,SBIN0001033
1743,Bank Of India,SOROTOP,BKID0007623
1744,State Bank of India,RAMPUR,SBIN0004530
1745,Baroda Uttar Pradesh Gramin Bank, UTTAR PRADESH ,BARB0BUPGBX
1746,State Bank of India,RAMPUR,SBIN0000702
1747,State Bank of India,KANPUR,SBIN0003809
1748,Axis Bank,VIBHUTI KHAND,UTIB0002800
1749,State Bank of India,ADB ATTARA,SBIN0005395
1750,PUNJAB NATIONAL BANK,FATEHPUR,PUNB0135610
1751,PUNJAB NATIONAL BANK,ATTARRA,PUNB0684600
1752,State Bank of India,GHIROR,SBIN0011482
1753,IDBI BANK,BADDI,IBKL0000165
1754,Bank Of India,AJMATPUR,BKID0007626
1755,INDIAN OVERSEAS BANK,KANNAUJ,IOBA0002978
1756,UNION BANK OF INDIA,KANNAUJ,UBIN0561185
1757,PUNJAB NATIONAL BANK,DEBIAPUR,PUNB0468700
1758,UNION BANK OF INDIA,SEMARIYA,UBIN0561797
1759,PUNJAB NATIONAL BANK,DEBIAPUR,PUNB0468700
1760,PUNJAB NATIONAL BANK,KANNAUJ,PUNB0459100
1761,Bank Of India,HARSHVARDHAN ,BKID0007625
1762,Bank Of India,AJMATPUR,BKID0007626
1763,PUNJAB NATIONAL BANK, KANNAUJ,PUNB0643000
1764,State Bank of India,RRC FATEHGARH,SBIN0011510
1765,State Bank of India,DALEL GANJ,SBIN0012336
1766,IDBI BANK,KANNAUJ,IBKL0001198
1767,HDFC Bank,DIBIYAPUR,HDFC0002999
1768,PUNJAB NATIONAL BANK,KANPUR ,PUNB0368700
1769,PUNJAB NATIONAL BANK, DEBIAPUR,PUNB0468700
1770,Bank of Baroda,AKBARPUR,BARB0AKBKAN
1771,State Bank of India,BABINA,SBIN0002513
1772,State Bank of India,AIR CARGO COMPLEX,SBIN0002512
1773,HDFC Bank,MORADABAD ,HDFC0001111
1774,State Bank of India,TIKAMGARH,SBIN0030379
1775,Bank of Baroda,KANPUR,BARB0CSUKAN
1776,INDIAN BANK,KANPUR MAIN,IDIB000K586
1777,PUNJAB NATIONAL BANK,HAMIRPUR,PUNB0457600
1778,State Bank of India,LOHTA,SBIN0015129
1779,Bank of Baroda, HARDOI,BARB0SANDIR
1780,Bank of Baroda,DEOMAI,BARB0DEOMAI
1781,Baroda Uttar Pradesh Gramin Bank, UTTAR PRADESH ,BARB0BUPGBX
1782,State Bank of India, JHANSI,SBIN0003808
1783,UNION BANK OF INDIA,RASOOLABAD,UBIN0574091
1784,IDBI BANK,AURAIYA,IBKL0001581
1785,PUNJAB NATIONAL BANK, KANPUR,PUNB0487500
1786,Bank of Baroda,AKBARPUR,BARB0AKBKAN
1787,State Bank of India,ARAULISHEIKH ,SBIN0015828
1788,State Bank of India,ORAI,SBIN0000147
1789,PUNJAB NATIONAL BANK,KANPUR ,PUNB0025200
1790,Canara Bank, KANPUR,CNRB0002902
1791,Axis Bank,MAHOBA,UTIB0001913
1792,INDIAN OVERSEAS BANK,ORAI,IOBA0003280
1793,HDFC Bank,DIBIYAPUR,HDFC0002999
1794,Bank Of India,KIDWAI NAGAR,BKID0006960
1795,Axis Bank,RAMADEVI,UTIB0004867
1796,ALLAHABAD BANK,NAGOD,IDIB000N515
1797,ICICI bank,KANPUR┬á,ICIC0006288
1798,State Bank of India,HAMIRPUR,SBIN0000089
1799,State Bank of India,LAKHANPUR,SBIN0008019
1800,ICICI BANK LIMITED,GURGAON ,ICIC0000177
1801,CENTRAL BANK OF INDIA,BANDA,CBIN0280180
1802,BANK OF MAHARASHTRA, KANPUR,MAHB0000975
1803,PUNJAB NATIONAL BANK,KANPUR,PUNB0368600
1804,State Bank of India,BIDHNU,SBIN0010895
1805,PUNJAB NATIONAL BANK,BANDA,PUNB0054000
1806,Bank of Baroda, KANPUR DEHAT,BARB0MATIXX
1807,Bank of Baroda,KANPUR,BARB0ANWARG
1808,Bank of Baroda,MAUDAHA,BARB0MAUDAH
1809,State Bank of India,MEDICAL COLLEGE,SBIN0003076
1810,State Bank of India,PHOOLBAGH,SBIN0000242
1811,State Bank of India,KABRAI,SBIN0013001
1812,Bank of Baroda, KANPUR DEHAT,BARB0PATARA
1813,PUNJAB NATIONAL BANK,LALITPUR ,PUNB0077000
1814,State Bank of India,LAKHANPUR,SBIN0008019
1815,State Bank of India,KANPUR,SBIN0003809
1816,Baroda Uttar Pradesh Gramin Bank, UTTAR PRADESH ,BARB0BUPGBX
1817,Uttar Pradesh Gramin Bank,Uttar Pradesh,BARB0BUPGBX
1818,Bank of Baroda,KANPURMANDI ,BARB0MANKAN
1819,HDFC Bank,KAKADEV,HDFC0001904
1820,INDIAN OVERSEAS BANK,FATEHPUR,IOBA0002990
1821,Bank of Baroda, UTTAR PRADESH ,BARB0BUPGBX
1822,Bank of Baroda,SISAMAU ,BARB0SISAMA
1823,Punjab National Bank,FATEHPUR,PUNB0135610
1824,State Bank of India,HALSEY ROAD,SBIN0001226
1825,State Bank of India, KANPUR,SBIN0003809
1826,Bank of Baroda,KANPUR,BARB0CSUKAN
1827,Bank of Baroda,GUMTI NO.5 ,BARB0GUMTIX
1828,State Bank of India,TANDA,SBIN0000194
1829,State Bank of India,ORAI,SBIN0000147
1830,State Bank of India,BUDAUN,SBIN0000623
1831,State Bank of India,RAMPUR,SBIN0000702
1832,BANDHAN BANK LIMITED,Alwar,BDBL0001516
1833,Bank of Baroda,BHOMERA,BARB0BHOMER
1834,State Bank of India,ETAH,SBIN0000635
1835,ICICI BANK LIMITED,ETAH,ICIC0000810
1836,Axis Bank,GREEN PARK,UTIB0000015
1837,Bank Of India,KANNAUJ,BKID0007602
1838,Bank of Baroda,SITAPUR ,BARB0SITAPU
1839,INDIAN BANK,FAIZABAD ,IDIB000B632
1840,State Bank of India, KASGANJ,SBIN0015529
1841,State Bank of India, KANPUR,SBIN0003809
1842,State Bank of India,LABHARI,SBIN0009451
1843,State Bank of India,TANAKPUR ROAD,SBIN0018269
1844,ICICI BANK LIMITED,PILIBHIT,ICIC0000976
1845,Bank of Baroda, HARDOI,BARB0SANDIR
1846,Bank of Baroda,BADAUN,BARB0BLYBUD
1847,Bank Of India,PHUKHARAYA,BKID0006969
1848,State Bank of India,PARASPUR,SBIN0012497
1849,INDIAN BANK,KADAURA,IDIB000K510
1850,State Bank of India,GANJDUNDWARA,SBIN0002548
1851,ICICI BANK LIMITED,NEW DELHI ,ICIC0000313
1852,State Bank of India,HARDOI ,SBIN0000649 
1853,State Bank of India,MARHERA,SBIN0011598
1854,State Bank of India,TRANSPORT NAGAR,SBIN0001590
1855,Bank of Baroda, KAUSHAMBI,BARB0MANJHA
1856,State Bank of India,NDUAT PITHLA,SBIN0006925
1857,State Bank of India,ALLAHABAD,SBIN0002580
1858,State Bank of India,SHANKARGARH,SBIN0011253
1859,HDFC Bank, KANPUR,HDFC0002080
1860,UNION BANK OF INDIA,JANKIKUND,UBIN0542148
1861,Bank of Baroda,KAUSHAMBI,BARB0IMAMGA
1862,State Bank of India,KUNDA,SBIN0000208
1863,State Bank of India,CHARKHARI,SBIN0007248
1864,State Bank of India,MANIKPUR ,SBIN0015508
1865,State Bank of India,CHITRAKOOT,SBIN0003869
1866,State Bank of India,RIWA,SBIN0030251
1867,UCO BANK, KARVI,UCBA0002933
1868,State Bank of India,MUHANDRA,SBIN0015311
1869,State Bank of India,OEL,SBIN0016458
1870,INDIAN BANK,RAJAPUR,IDIB000R527
1871,State Bank of India,AJHUA,SBIN0012496
1872,Bank of Baroda,LALGANJ,BARB0LALMIR
1873,State Bank of India,PANNA,SBIN0031285
1874,State Bank of India,MUNDERA,SBIN0013228
1875,State Bank of India,  KAUSHAMBI,SBIN0015138
1876,Bank of Baroda, KAUSHAMBI ,BARB0MANJHA
1877,PUNJAB NATIONAL BANK, ALLAHABAD ,PUNB0228400
1878,Uttar Pradesh Gramin Bank,UTTAR PRADESH ,BARB0BUPGBX
1879,State Bank of India,KARWI,SBIN0000110
1880,Axis Bank,PILIBHIT,UTIB0000628
1881,INDIAN BANK,KHERI KHERI ,IDIB000K703
1882,HDFC Bank,GOLA GOKARAN ,HDFC0001905
1883,State Bank of India,GOLA GOKARANNATH,SBIN0001512
1884,PUNJAB AND SIND BANK,JHANDI KHERI,PSIB0000551
1885,Bank Of India,RAMAPUR,BKID0007543
1886,PUNJAB NATIONAL BANK, LAKHIMPUR KHER,PUNB0212800
1887,HDFC Bank, KANPUR,HDFC0002080
1888,INDIAN BANK,VIKAS BHAVAN,IDIB000V528
1889,State Bank of India,PALIA KALAN,SBIN0002592
1890,INDIAN BANK,KHERI ,IDIB000L554
1891,State Bank of India,NAKHA,SBIN0018929
1892,INDIAN BANK,KHERI,IDIB000L554
1893,INDIAN BANK,KHERI BIJUA,IDIB000B818
1894,State Bank of India,DHAURHARA,SBIN0004673
1895,Bank of Baroda,BAREILY,BARB0SHAHGA
1896,State Bank of India,LAKHIMPUR ,SBIN0000673
1897,Bank of Baroda, LAKHIMPUR KHERI,BARB0RAJLAK
1898,Axis Bank,KHUTAR KHAS,UTIB0002539
1899,UNION BANK OF INDIA,JASWANT NAGAR,UBIN0571512
1900,Bank of Baroda,BHEERA,BARB0BHEERA
1901,Axis Bank,VIBHUTI KHAND,UTIB0002800
1902,State Bank of India,NIGHASAN,SBIN0011225
1903,State Bank of India,BANKEYGANJ,SBIN0003620
1904,State Bank of India,BINDKI,SBIN0000043
1905,State Bank of India,DHAURHARA,SBIN0004673
1906,INDIAN BANK,KHERI BELRAYAN,IDIB000B728
1907,INDIAN BANK,KHERI MAIN,IDIB000L515
1908,State Bank of India,CHITBARAGAON,SBIN0002537
1909,State Bank of India,RAJAPUR,SBIN0017005
1910,State Bank of India,PALIA KALAN,SBIN0002592
1911,Bank of Baroda,LAKHIMPUR ,BARB0LAKHIM
1912,State Bank of India,LUCKNOW,SBIN0003813
1913,PUNJAB NATIONAL BANK,ALLAHABAD ,PUNB0100100
1914,State Bank of India,SAFEDABAD,SBIN0014445
1915,Bank Of India,DEOKALI,BKID0007542
1916,State Bank of India,BHIRA,SBIN0002527
1917,Bank of Baroda,GOVINDGANJ ,BARB0SHACAN
1918,UNION BANK OF INDIA,SAIDHARI,UBIN0571075
1919,PUNJAB NATIONAL BANK,HYDERABAD,PUNB0113800
1920,Bank Of India,KHURAMNAGAR,BKID0007531
1921,INDAIN BANK,KHERI OEL,IDIB000O502
1922,UNION BANK OF INDIA,SITAPUR ,UBIN0538418
1923,State Bank of India,GOLA ,SBIN0001512
1924,PUNJAB NATIONAL BANK,LAKHIMPUR KHERI,PUNB0028900
1925,PUNJAB NATIONAL BANK,PILIBHIT,PUNB0038500
1926,State Bank of India,LAKHIMPUR KHERI,SBIN0000673
1927,PUNJAB NATIONAL BANK, SITAPUR ,PUNB0077600
1928,State Bank of India,LAKHIMPUR KHERI,SBIN0000673
1929,State Bank of India,MAYA BAZAR,SBIN0013163
1930,Bank of Baroda,LAKHIMPUR,BARB0LAKHIM
1931,Bank Of India,GOLA GOKARAN ,BKID0007541
1932,State Bank of India,JANKIPURAM ,SBIN0012981
1933,Bank Of India,PALIA ,BKID0006873
1934,PUNJAB NATIONAL BANK,LAKHIMPUR,PUNB0113600
1935,UNION BANK OF INDIA,RAJAPUR,UBIN0569135
1936,Bank of Baroda,CHAUTHERA ,BARB0CHAUTH
1937,Bank of Baroda,LAHARPUR,BARB0LAHARP
1938,INDIAN BANK,KHERI ,IDIB000L554
1939,UNION BANK OF INDIA,PALLIA KALAN,UBIN0569160
1940,Canara Bank,"AMU, ALIGARH",CNRB0005247
1941,Canara Bank,LAKHIMPUR KHERI,CNRB0002910
1942,BANK OF MAHARASHTRA,SITAPUR,MAHB0001937
1943,State Bank of India,GOLA ,SBIN0001512
1944,Bank of Baroda,LAHARPUR,BARB0LAHARP
1945,State Bank of India,LAKHIMPUR KHERI,SBIN0000673
1946,CENTRAL BANK OF INDIA,UDAIPUR MAHEWA,CBIN0285025
1947,State Bank of India,KHAMBARKHERA,SBIN0011227
1948,State Bank of India, LAKHIMPUR ,SBIN0017332
1949,UNION BANK OF INDIA,JANKIPURAM,UBIN0555487
1950,PUNJAB NATIONAL BANK,LAGUCHA,PUNB0113500
1951,Punjab National Bank,GORAKHPUR,PUNB0489400
1952,Bank of Baroda,TENDUVAIKALA,BARB0TENDUV
1953,State Bank of India,JALAUN,SBIN0004564
1954,Bank Of India,DEORIA ,BKID0006990
1955,State Bank of India,ADB KASIA,SBIN0005955
1956,UBI,MARTINGANJ,UBIN0537021
1957,Baroda Uttar Pradesh Gramin Bank, UTTAR PRADESH ,BARB0BUPGBX
1958,State Bank of India,JHANJHARPUR,SBIN0003266
1959,Canara Bank,GHATSILA,CNRB0004898
1960,HDFC Bank,NEW DELHI,HDFC0000027
1961,Punjab National Bank,PADRAUNA,PUNB0143110
1962,State Bank of India,PIPRA,SBIN0004893
1963,State Bank of India,BAHERI,SBIN0000613
1964,State Bank of India,ATTARA,SBIN0002509
1965,State Bank of India,INDIAN INSTITUTE ,SBIN0014905
1966,Punjab National Bank,PADRAUNA,PUNB0037400
1967,State Bank of India,BASHRATPUR,SBIN0011188
1968,State Bank of India,CHILMA BAZAR,SBIN0009872
1969,HDFC Bank,DEORIA,HDFC0000947
1970,HDFC Bank,PADRAUNA,HDFC0001906
1971,INDIAN,BANKATA BAZAR,IDIB000B622
1972,Uttar Pradesh Gramin Bank,Uttar Pradesh,BARB0BUPGBX
1973,State Bank of India,MOTIHARI,SBIN0000137
1974,State Bank of India,MEERUT,SBIN0004397
1975,State Bank of India,HANDIA,SBIN0001160
1976,State Bank of India,  JHANSI,SBIN0003808
1977,State Bank of India,HATTA,SBIN0001689
1978,ICICI,DELHI ,ICIC0006627
1979,State Bank of India,TAJPIPRA,SBIN0008259
1980,Punjab National Bank,GORAKHPUR ,PUNB0299000
1981,State Bank of India,PARAS PAKRI ,SBIN0008180
1982,State Bank of India,BHATNI,SBIN0012868
1983,Punjab National Bank,PADRAUNA,PUNB0037400
1984,ICICI,GORAKHPUR┬á,ICIC0000319
1985,State Bank of India,DHARAMSALA ,SBIN0007896
1986,PUNJAB NATIONAL BANK,VIBHUTI KHAND,UTIB0002800
1987,Bank Of India,MIRZAPUR,BKID0006860
1988,INDIAN,KHERI NIGHASAN,IDIB000N595
1989,Punjab National Bank,DEORIA ,PUNB0179200
1990,ICICI,GORAKHNATH ,ICIC0001920
1991,State Bank of India,HATTA,SBIN0001689
1992,Bank of Baroda,FAIZABAD,BARB0MASAUD
1993,State Bank of India,PADRAUNA,SBIN0000148
1994,Punjab National Bank,SULTANPUR,PUNB0391400
1995,State Bank of India,BADA MALEHRA,SBIN0002823
1996,Axis Bank,LUCKNOW,UTIB0000053
1997,State Bank of India, JHANSI,SBIN0007298
1998,CBI,LALITPUR,CBIN0280174
1999,State Bank of India,RAJGHAT,SBIN0005952
2000,Punjab National Bank,LALITPUR,PUNB0626000
2001,Punjab National Bank,LALITPUR ,PUNB0078100
2002,Bank of Baroda, MADHYA PRADESH,BARB0RAJRAJ
2003,State Bank of India,BABINA ,SBIN0004900
2004,Punjab National Bank,LALITPUR,PUNB0626000
2005,State Bank of India,SHEOPUR KALAN,SBIN0030089
2006,Punjab National Bank,JAKHLAUN,PUNB0728100
2007,State Bank of India,  JHANSI,SBIN0003808
2008,UNION BANK OF INDIA,SIDHI MAIN,UBIN0537314
2009,Bank of Baroda,LALITPUR ,BARB0LALITP
2010,State Bank of India,CHHATARPUR,SBIN0000347
2011,Punjab National Bank, LALITPUR ,PUNB0078100
2012,Punjab National Bank, LALITPUR ,PUNB0095500
2013,State Bank of India,BALDEOGARH,SBIN0002825
2014,State Bank of India,LALITPUR,SBIN0016835
2015,INDIAN,CHAUSARH,IDIB000C561
2016,Bank of Baroda,LALITPUR,BARB0LALITP
2017,PUNJAB NATIONAL BANK,LALITPUR ,PUNB0077000
2018,State Bank of India,LALITPUR,SBIN0007064
2019,State Bank of India,BABINA CANTT,SBIN0004900
2020,Bank of Baroda,LALITPUR,BARB0VJLALI
2021,CBI,MAHRONI,CBIN0284853
2022,INDIAN,RAJAPUR,IDIB000R527
2023,Punjab National Bank,LALITPUR ,PUNB0077000
2024,State Bank of India,LALITPUR,SBIN0007064
2025,State Bank of India,DEWAS,SBIN0030007
2026,UNION BANK OF INDIA,MADAN MAHAL,UBIN0555291
2027,Punjab National Bank,LALITPUR,PUNB0029900
2028,State Bank of India,KHITWAS,SBIN0007063
2029,UBI,MUNSHIPULIA ,UBIN0553361
2030,State Bank of India,PROTHVIPUR,SBIN0002886
2031,State Bank of India,KHARGAPUR,SBIN0012191
2032,State Bank of India,COLLECTORATETI,SBIN0010858
2033,State Bank of India,UNNAO CITY,SBIN0010897
2034,ICICI,KANPUR ,ICIC0000998
2035,State Bank of India,HARCHANDPUR,SBIN0016702
2036,IOB,U P BHOOMI ,IOBA0001773
2037,Bank of Baroda,LUCKNOW,BARB0DBBLUC
2038,HDFC Bank,BARABANKI ,HDFC0000658
2039,State Bank of India,BHAPTAMAU,SBIN0008949
2040,State Bank of India,BANKEYGANJ,SBIN0003620
2041,State Bank of India,SOUTH CITY,SBIN0016167
2042,Bank of Baroda,ALAMBAGH ,BARB0SAVLUC
2043,UBI,LUCKNOW,UBIN0535427
2044,IOB,LUCKNOW,IOBA0001792
2045,Punjab National Bank,LUCKNOW,PUNB0127210
2046,Canara Bank,LUCKNOW ,CNRB0005297
2047,PUNJAB NATIONAL BANK,LUCKNOW,PUNB0127110
2048,State Bank of India,JANKIPURAM,SBIN0015116
2049,State Bank of India,Lucknow,SBIN0012735
2050,IOB,STJOSEPHGIRLSINTER,IOBA0001783
2051,State Bank of India,ALAMBAGH,SBIN0003222
2052,Bank of Baroda,RAE BARELI,BARB0BEDARO
2053,State Bank of India, LUCKNOW,SBIN0008066
2054,State Bank of India,PURWA,SBIN0004690
2055,State Bank of India, LUCKNOW,SBIN0008067
2056,Bank of Baroda,BAXIKATALAB,BARB0BAKLUC
2057,ICICI BANK LIMITED,LUCKNOW,ICIC0006959
2058,Bank of Baroda,PRATAPGARH ,BARB0PRATAP
2059,UBI,SALEMPUR,UBIN0567990
2060,Punjab National Bank,LUCKNOW,PUNB0185300
2061,Axis Bank,LUCKNOW,UTIB0000407
2062,UBI,LUCKNOW,UBIN0906077
2063,UBI,LUCKNOW,UBIN0538159
2064,Bank of Baroda,SITAPUR ROAD,BARB0SITLUC
2065,KMB,DHARSANIA ,KKBK0005288
2066,PUNJAB NATIONAL BANK, UNNAO ,PUNB0227700
2067,Bank Of India,KUMHRAWAN,BKID0006808
2068,Canara Bank,BARABANKI II,CNRB0018631
2069,Bank of Baroda,R S M NAGAR,BARB0VJRSMN
2070,State Bank of India,ILTIFATGANJ,SBIN0006005
2071,State Bank of India,LUCKNOW,SBIN0015116
2072,State Bank of India,LDA COLONY,SBIN0011215
2073,State Bank of India,BENIPATTI,SBIN0010772
2074,PUNJAB NATIONAL BANK, LUCKNOW,PUNB0242400
2075,Canara Bank,LUCKNOW,CNRB0005522
2076,Axis Bank,VIBHUTI KHAND,UTIB0002800
2077,UPCB,ALAMBAGH ,UPCB0000003
2078,Canara Bank,LUCKNOW ,CNRB0005594
2079,BOM, LUCKNOW,MAHB0001237
2080,INDIAN OVERSEASE,LUCKNOW,IOBA0000207
2081,State Bank of India,  JHANSI,SBIN0003808
2082,HDFC Bank,Lucknow,HDFC0007147
2083,State Bank of India,SAIDPUR,SBIN0001096
2084,State Bank of India,DIGHIA TIRAHA,SBIN0018930
2085,State Bank of India, LUCKNOW,SBIN0008189
2086,UNION BANK OF INDIA,SAUNKHOR,UBIN0546291
2087,State Bank of India,BAKHIRA,SBIN0003361
2088,Axis Bank,DANAPUR,UTIB0001776
2089,Bank of Baroda,BACHHRAWAN,BARB0BACHHR
2090,UNION BANK OF INDIA,NICHLAUL BR,UBIN0569402
2091,State Bank of India,BHITAULI BAZAR,SBIN0017051
2092,State Bank of India, KUSHINAGAR,SBIN0016798
2093,Canara Bank,CAMPIERGANJ,CNRB0005252
2094,State Bank of India, SITAPUR,SBIN0017874
2095,State Bank of India,SAKARPAR,SBIN0014406
2096,State Bank of India,AKABARPUR,SBIN0000003
2097,INDIAN,AZAMGARH,IDIB000A688
2098,Punjab National Bank,STEAMER GHAT,PUNB0476000
2099,Bank of Baroda, GORAKHPUR,BARB0GORAKH
2100,INDIAN,GORAKHPUR,IDIB000G615
2101,State Bank of India,GHATOTAND,SBIN0002937
2102,Punjab National Bank,MIRZAPUR ,PUNB0674100
2103,State Bank of India,VIKAS BHAWAN,SBIN0003048
2104,State Bank of India,BARIGAON,SBIN0008219
2105,Bank of Baroda,ANAND NAGAR,BARB0ANAMAH
2106,Punjab National Bank, GORAKHPUR,PUNB0489400
2107,CBI,SARASWATI ,CBIN0283285
2108,Punjab National Bank,DEORIA,PUNB0150700
2109,Bank of Baroda,GORAKHPUR,BARB0GORAKH
2110,State Bank of India, MAHARAJGANJ,SBIN0016793
2111,State Bank of India,Puraina,SBIN0064341
2112,State Bank of India,VIKAS BHAWAN,SBIN0003048
2113,Bank of Baroda,KOPAGANJ,BARB0KOPABS
2114,CBI,MITHAURA,CBIN0281355
2115,Punjab National Bank,MAHARAJGANJ,PUNB0291100
2116,Punjab National Bank,GORAKHPUR ,PUNB0066600
2117,State Bank of India, LALITPUR,SBIN0007064
2118,State Bank of India,REWA ,SBIN0000468
2119,State Bank of India,CHAKIA,SBIN0000233
2120,Bank of Baroda,GORAKHPUR,BARB0MEDGOR
2121,UBI,SUJANGANJ,UBIN0536661
2122,State Bank of India,BASAHARA,SBIN0009309
2123,Bank of Baroda, GORAKHPUR,BARB0GORAKH
2124,Bank of Baroda,ALLAHABAD,BARB0JHUNSI
2125,State Bank of India,MAHARAJ GANJ,SBIN0001147
2126,Bank of Baroda,UTTAR PRADESH ,BARB0BUPGBX
2127,State Bank of India,MAHUAWA ,SBIN0016466
2128,State Bank of India,BAGAPAR,SBIN0009562
2129,INDIAN,USKA,IDIB000U536
2130,INDIAN,KHAJURIA,IDIB000K668
2131,Punjab National Bank, GORAKHPUR,PUNB0835400
2132,Bank of Baroda, UTTAR PRADESH ,BARB0BUPGBX
2133,BUPB, UTTAR PRADESH ,BARB0BUPGBX
2134,State Bank of India,MAHARAJ GANJ,SBIN0001147
2135,Bank of Baroda, UTTAR PRADESH ,BARB0BUPGBX
2136,State Bank of India,MAHARAJ GANJ,SBIN0001147
2137,UNION BANK OF INDIA,MAHARAJGANJ,UBIN0553468
2138,UCO,MAHARAJGANJ,UCBA0002860
2139,Canara Bank,MAHOBA,CNRB0004295
2140,State Bank of India,MAHOBA,SBIN0000128
2141,INDIAN BANK,MAHOBA,IDIB000M556
2142,HDFC Bank,MAHOBA,HDFC0002624
2143,Bank of Baroda,CHARKHARI,BARB0CHAMAH
2144,State Bank of India,KHAJURAHO,SBIN0002863
2145,Punjab National Bank,MAHOBA ,PUNB0479700
2146,State Bank of India,CHARKHARI,SBIN0007248
2147,Bank of Baroda,MAHOBA,BARB0MAHOBA
2148,INDIAN BANK,KHARELA,IDIB000K690
2149,INDIAN BANK,MAHOBA,IDIB000M556
2150,INDIAN BANK,CHARKARI,IDIB000C554
2151,State Bank of India,CHARKHARI,SBIN0007248
2152,Axis Bank,VIBHUTI KHAND,UTIB0002800
2153,State Bank of India,NIWARI,SBIN0001350
2154,Bank of Baroda,MAHOBA,BARB0MAHOBA
2155,HDFC Bank, KANPUR,HDFC0002080
2156,State Bank of India,MAHOBA,SBIN0000128
2157,UBI,MAHOBA,UBIN0563633
2158,State Bank of India,CHARKHARI,SBIN0007248
2159,Axis Bank,MAINPURI,UTIB0001093
2160,UBI,GOLA BAZAR,UBIN0573663
2161,State Bank of India,BIGHAPUR,SBIN0051099
2162,State Bank of India,KAKORBUZURG,SBIN0013046
2163,Uttar Pradesh Gramin Bank,Uttar Pradesh,BARB0BUPGBX
2164,Punjab National Bank,GWALIOR ,PUNB0013510
2165,Axis Bank,VIBHUTI KHAND,UTIB0002800
2166,Bank Of India,MAINPURI,BKID0007275
2167,INDIAN,TIRWA,IDIB000T595
2168,Axis Bank,MAINPURI,UTIB0001093
2169,Bank Of India,CHANDUIYA,BKID0007617
2170,Bank Of India,RAJLAMAI,BKID0007621
2171,Axis Bank,MAINPURI,UTIB0001093
2172,Bank of Baroda,PAYAGPUR,BARB0PAYAGP
2173,Indusind , LUCKNOW,INDB0000563
2174,State Bank of India,KUSMARA,SBIN0012472
2175,Axis Bank,MAINPURI,UTIB0001093
2176,State Bank of India, MAINPURI,SBIN0017616
2177,Axis Bank,MAINPURI,UTIB0001093
2178,Axis Bank,MUNSHI PULIA,UTIB0002702
2179,Axis Bank,ETAWAH,UTIB0000854
2180,State Bank of India,BHOANGAON,SBIN0001127
2181,Axis Bank,KAIMGANJ,UTIB0002814
2182,Axis Bank,MAINPURI,UTIB0001093
2183,Bank Of India,PARHAM,BKID0007706
2184,State Bank of India,MAINPURI,SBIN0000675
2185,State Bank of India,SARSAINAWAR,SBIN0003548
2186,INDIAN,MAINPURI,IDIB000M568
2187,Punjab National Bank, KANNAUJ,PUNB0011510
2188,Canara Bank,MAINPURI,CNRB0003286
2189,State Bank of India,GWALIOR,SBIN0030258
2190,Axis Bank,MAINPURI,UTIB0001093
2191,Punjab National Bank,JHAPRA,PUNB0795900
2192,Axis Bank,MAINPURI,UTIB0001093
2193,State Bank of India,ADB RAMNAGAR,SBIN0006101
2194,UCO,VIDISHA,UCBA0000010
2195,State Bank of India,KISHANI,SBIN0006162
2196,HDFC Bank,DAGAVADIYA,HDFC0003625
2197,HDFC Bank,SHIKOHABAD ,HDFC0001896
2198,Bank of Baroda,JHANSI MAIN,BARB0JHANSI
2199,Bank of Baroda,MAINPURI ,BARB0MAINPU
2200,State Bank of India,SHOPPING CENTRE,SBIN0005382
2201,Punjab National Bank,LALITPUR,PUNB0029900
2202,State Bank of India,BIJEYPUR,SBIN0030091
2203,State Bank of India, BASTI,SBIN0016950
2204,UBI, KANPUR,UBIN0548936
2205,State Bank of India,NAGRA,SBIN0012866
2206,State Bank of India,MAHOBA,SBIN0000128
2207,State Bank of India,JATARI,SBIN0011346
2208,State Bank of India,ETAWAH,SBIN0000636
2209,State Bank of India,CHHATARPUR,SBIN0000347
2210,Punjab National Bank,GWALIOR ,PUNB0323700
2211,Punjab National Bank,SANWARI,PUNB0317500
2212,State Bank of India,IE ALIGARH,SBIN0003346
2213,Bank of Baroda, FATEHPUR,BARB0KHAGAX
2214,Punjab National Bank,KANPUR ,PUNB0025200
2215,Canara Bank,DIGNER,CNRB0001581
2216,HDFC Bank,SIPRI BAZAR,HDFC0003858
2217,State Bank of India, GWALIOR,SBIN0001464
2218,Punjab National Bank,LALITPUR,PUNB0626000
2219,INDIAN,MATHURA,IDIB000M660
2220,State Bank of India,DURGAPURA,SBIN0013057
2221,State Bank of India,SEONI,SBIN0000478
2222,Punjab National Bank,AGRA RAM BAGH,PUNB0098400
2223,Punjab National Bank,MATHURA,PUNB0183800
2224,State Bank of India,GWALIOR,SBIN0010216
2225,State Bank of India,BABINA CANTT,SBIN0004900
2226,State Bank of India,BHEL JHANSI,SBIN0003807
2227,State Bank of India,KAMAN,SBIN0031068
2228,State Bank of India,JAISTAMBH CHOWK,SBIN0030079
2229,State Bank of India,KARRHI,SBIN0015624
2230,INDIAN,MATHURA,IDIB000M660
2231,State Bank of India,GOLGHAR,SBIN0003205
2232,Bank of Baroda,RAE BARELI ,BARB0RAEBAR
2233,State Bank of India,CSI TOWERS,SBIN0012980
2234,UNION BANK OF INDIA,MAHULA,UBIN0545945
2235,INDIAN BANK,VARANASI ,IDIB000K618
2236,UBI,BARAUT,UBIN0566233
2237,State Bank of India,MARDAH,SBIN0011250
2238,UNION BANK OF INDIA,SAGRI,UBIN0530310
2239,Bank of Baroda,UTTAR PRADESH ,BARB0BUPGBX
2240,UBI,RATANPURA,UBIN0567621
2241,Punjab National Bank,LANKA,PUNB0477900
2242,UNION BANK OF INDIA,UPHRAULI,UBIN0546283
2243,Bank of Baroda,AZAMGARH,BARB0AZAMGA
2244,UBI,AZAMGARH ,UBIN0830828
2245,UBI,SAGRI,UBIN0530310
2246,HDFC Bank,NOIDA ,HDFC0000651
2247,State Bank of India,Dohrigath,SBIN0011195
2248,State Bank of India,VELKUNDA,SBIN0008324
2249,Axis Bank, BHOPAL,UTIB0002659
2250,State Bank of India,AZAMGARH ,SBIN0004556
2251,UNION BANK OF INDIA,NAGRA,UBIN0568066
2252,State Bank of India,SHOPPING CENTRE,SBIN0005382
2253,State Bank of India,BABERU,SBIN0011206
2254,Canara Bank,MEERUT,CNRB0005890
2255,State Bank of India,SAKET,SBIN0011460
2256,State Bank of India,PALHERA,SBIN0003067
2257,INDIAN,MADHOGARH,IDIB000M518
2258,CBI,PUKHRAYAN,CBIN0284500
2259,Punjab National Bank,MEERUT,PUNB0215900
2260,State Bank of India,VRINDAVAN,SBIN0012830
2261,HDFC Bank,BANDA,HDFC0001950
2262,Bank of Baroda,GREEN PARK,BARB0GREENP
2263,State Bank of India,KANTH,SBIN0002556
2264,Bank of Baroda,I B B,BARB0INTMOR
2265,Punjab National Bank,NAGAL SOTI,PUNB0081200
2266,INDIAN BANK,MDA,IDIB000M679
2267,Axis Bank,GHAZIABAD,UTIB0000095
2268,State Bank of India,JHANSI,SBIN0000102
2269,State Bank of India,MEERUT ,SBIN0000680
2270,HDFC Bank,FAIZABAD ,PUNB0186600
2271,Punjab National Bank, MEERUT,PUNB0147400
2272,State Bank of India,SAKET,SBIN0011460
2273,HDFC Bank,MUNGER,HDFC0002684
2274,State Bank of India, MUSSOORIE,SBIN0010587
2275,Canara Bank,MEERUT ,CNRB0018871
2276,State Bank of India,CHITRAKOOT,SBIN0003869
2277,YES BANK,VARANASI,YESB0000450
2278,PUNJAB NATIONAL BANK, MEERUT ,PUNB0251900
2279,PUNJAB NATIONAL BANK,RADHEY PURI,PUNB0305800
2280,PUNJAB NATIONAL BANK,LANKA,PUNB0477900
2281,INDIAN BANK,MIRZAPUR,IDIB000M709
2282,State Bank of India,GHORAWAL,SBIN0012301
2283,Bank Of India,MIRZAPUR,BKID0006860
2284,UNION BANK OF INDIA,SAGRA,UBIN0546640
2285,INDIAN BANK,JAMUA BAZAR,IDIB000J563
2286,State Bank of India,CIVIL COURT,SBIN0008003
2287,INDIAN BANK,MIRZAPUR ,IDIB000J570
2288,UBI,JANGIPUR ┬á,UBIN0530484
2289,INDIAN BANK,MIRZAPUR,IDIB000M709
2290,Punjab National Bank, MIRZAPUR,PUNB0032200
2291,Bank of Baroda,CHITRAKOOT,BARB0CHITRA
2292,UNION BANK OF INDIA,CHITRASENPUR,UBIN0572144
2293,State Bank of India,VARANASI,SBIN0000201
2294,CENTRAL BANK OF INDIA,BHADOHI,CBIN0282136
2295,UNION BANK OF INDIA,COLLECTORATE ,UBIN0552615
2296,PUNJAB NATIONAL BANK, SONEPAT,PUNB0230300
2297,State Bank of India,Chhanbey,SBIN0015131
2298,Uttar Pradesh Gramin Bank,UTTAR PRADESH ,BARB0BUPGBX
2299,ALLAHABAD BANK,MIRZAPUR,IDIB000M709
2300,PUNJAB NATIONAL BANK,MAHARAJGANJ,PUNB0250200
2301,UBI,SHEKHPUR,UBIN0573353
2302,State Bank of India,GOVINDPUR,SBIN0007091
2303,State Bank of India,CHOPAN,SBIN0015511
2304,State Bank of India,MIRZAPUR ,SBIN0012731
2305,HDFC Bank,VARANASI,HDFC0002028
2306,Bank of Baroda,CHUNAR,BARB0CHUNBS
2307,PUNJAB NATIONAL BANK,PATNA,PUNB0757700
2308,KOTAK MAHINDRA BANK,ALLAHABAD,KKBK0000137
2309,State Bank of India,GEC REWA,SBIN0003179
2310,Axis Bank, VARANASI,UTIB0002133
2311,State Bank of India,KONE  CHILH,SBIN0015537
2312,State Bank of India,CHURK,SBIN0001497
2313,State Bank of India,MIRZAPUR,SBIN0000134
2314,UBI,MIRZAPUR,UBIN0535346
2315,UNION BANK OF INDIA,JANKIKUND,UBIN0542148
2316,INDIAN,BABERU ,IDIB000B508
2317,State Bank of India, LAKHIMPUR KHERI,SBIN0017005
2318,State Bank of India,MAGARAHA,SBIN0012730
2319,UNION BANK OF INDIA, REWA,UBIN0558699
2320,HDFC Bank,KANPUR ,HDFC0001093
2321,State Bank of India,MIRZAPUR,SBIN0000134
2322,State Bank of India,ZARI BAZAR,SBIN0006340
2323,Bank of Baroda,ALLAHABAD,BARB0ALLKAT
2324,State Bank of India,CHITAIPUR,SBIN0012196
2325,State Bank of India,CIVIL COURT,SBIN0008003
2326,UNION BANK OF INDIA, HANUMANA,UBIN0538990
2327,State Bank of India,LANKA,SBIN0011508
2328,State Bank of India,RAM NAGAR,SBIN0003091
2329,State Bank of India,I.M.S BHU,SBIN0010178
2330,State Bank of India,SURYAGARHA,SBIN0012593
2331,Uttar Pradesh Gramin Bank,Uttar Pradesh,BARB0BUPGBX
2332,ICICI BANK LIMITED,VARANASI┬á,ICIC0006283
2333,Bank of Baroda,LALGANJ,BARB0LALMIR
2334,UNION BANK OF INDIA,TIKRI,UBIN0539945
2335,INDIAN BANK,MIRZAPUR,IDIB000M709
2336,State Bank of India,OBRA,SBIN0001241
2337,State Bank of India,CHOPAN,SBIN0015511
2338,State Bank of India,LADNUN,SBIN0007093
2339,PUNJAB NATIONAL BANK,MORADABAD,PUNB0027910
2340,Bank of Baroda,America,BARB0AMERIA
2341,Uttar Pradesh Gramin Bank,UTTAR PRADESH ,BARB0BUPGBX
2342,PUNJAB NATIONAL BANK,DARANAGAR ,PUNB0776800
2343,IDBI BANK,MORADABAD,IBKL0001839
2344,State Bank of India,KARULA,SBIN0015110
2345,State Bank of India,MORADABAD ,SBIN0000682
2346,State Bank of India,NOORPUR,SBIN0009762
2347,UCO BANK,BANNAUR,UCBA0001203
2348,Punjab National Bank,THAKURDWARA,PUNB0651300
2349,State Bank of India,SARAITARIN,SBIN0002608
2350,INDIAN BANK,UMARI,IDIB000U520
2351,State Bank of India,SWAR,SBIN0000643
2352,State Bank of India, MORADABAD,SBIN0017254
2353,State Bank of India,DHAMPUR,SBIN0004503
2354,Axis Bank,MORADABAD ,UTIB0000282
2355,Axis Bank,LUCKNOW,UTIB0000355
2356,PUNJAB NATIONAL BANK,MORADABAD,PUNB0034700
2357,Bank of Baroda,BILARI,BARB0BILARI
2358,State Bank of India,BILARI,SBIN0000595
2359,Uttar Pradesh Gramin Bank,UTTAR PRADESH ,BARB0BUPGBX
2360,UNION BANK OF INDIA, MORADABAD,UBIN0551848
2361,State Bank of India, ALLAHABAD,SBIN0002584
2362,State Bank of India,TANDA,SBIN0001785
2363,INDIAN BANK,BAREILLY,IDIB000B061
2364,PUNJAB NATIONAL BANK,BILARI,PUNB0018210
2365,State Bank of India,BIJNOR,SBIN0000621
2366,Axis Bank,MORADABAD ,UTIB0000282
2367,State Bank of India,BILARI,SBIN0000595
2368,Bank of Baroda,NEEMGAON,BARB0NEEMGA
2369,State Bank of India,ADB RUDRAPUR,SBIN0007181
2370,Punjab National Bank, MORADABAD,PUNB0303800
2371,Union Bank of India,RAMPUR,UBIN0912832
2372,State Bank of India,GWALIOR ,SBIN0000377
2373,HDFC Bank,K G MARG,HDFC0000003
2374,HDFC Bank,MARIAHU,HDFC0009151
2375,PUNJAB NATIONAL BANK,VARANASI,PUNB0497200
2376,PUNJAB NATIONAL BANK, MUZAFFARNAGAR,PUNB0159100
2377,Axis Bank,LUCKNOW,UTIB0000053
2378,State Bank of India, MUZAFFAR NAGAR,SBIN0010654
2379,INDIAN OVERSEAS BANK,SAHARANPUR,IOBA0000434
2380,PUNJAB NATIONAL BANK,MUZAFFARNAGA,PUNB0071000
2381,Punjab National Bank,MUZAFFAR NAGAR,PUNB0004810
2382,Axis Bank,BARAUT,UTIB0002688
2383,State Bank of India,BHOPA,SBIN0011442
2384,PUNJAB NATIONAL BANK,MMG SHAMLI,PUNB0182200
2385,Canara Bank,RONI HAJIPUR,CNRB0019498
2386,PUNJAB NATIONAL BANK, AZAMGARH ,PUNB0050400
2387,PUNJAB NATIONAL BANK,MUZAFFARNAGAR,PUNB0402300
2388,State Bank of India,BIJNAUR CITY,SBIN0012518
2389,PUNJAB NATIONAL BANK,MORNA,PUNB0255300
2390,State Bank of India,BHOPA,SBIN0011442
2391,PUNJAB AND SIND BANK,AMETHI,PSIB0021024
2392,State Bank of India,MACHHLISHAHAR,SBIN0001686
2393,Punjab National Bank,BAGHPAT,PUNB0043210
2394,PUNJAB NATIONAL BANK,JANSATH ,PUNB0372100
2395,IDFC BANK LIMITED,GURGAON ,IDFB0021001
2396,INDIAN BANK,MUZAFFAR NAGAR,IDIB000M020
2397,UNION BANK OF INDIA,KANPUR,UBIN0534951
2398,UCO BANK,LUCKNOW ,UCBA0000060
2399,PUNJAB NATIONAL BANK,MUZAFFARNAGAR,PUNB0372100
2400,INDIAN BANK,SIR CHHOTU RAM ,IDIB000M689
2401,State Bank of India,DEOBAND,SBIN0000632
2402,State Bank of India,BILARI,SBIN0000595
2403,UNION BANK OF INDIA,HARDOI,UBIN0540773
2404,State Bank of India,RAM NAGAR,SBIN0003091
2405,State Bank of India,NEORIA  ,SBIN0004553
2406,HDFC Bank,PILIBHIT,HDFC0002543
2407,State Bank of India,PILIBHIT CITY,SBIN0016789
2408,Canara Bank, BAREILLY,CNRB0001458
2409,State Bank of India,BAREILLY COLLEGE,SBIN0001960
2410,Bank of Baroda,PILIBHIT,BARB0EXTPIL
2411,Bank of Baroda,BANDA,BARB0BANDAX
2412,PUNJAB NATIONAL BANK,PILIBHIT,PUNB0067910
2413,State Bank of India,NEORIA  ,SBIN0004553
2414,State Bank of India,NEORIA  ,SBIN0004553
2415,Bank of Baroda,America,BARB0AMERIA
2416,HDFC Bank,MUZZAFAR NAGAR,HDFC0000381
2417,State Bank of India, PILBHIT,SBIN0001667
2418,State Bank of India,TANAKPUR ROAD,SBIN0018269
2419,Axis Bank,LUCKNOW,UTIB0000053
2420,State Bank of India,LALGANJ,SBIN0001644
2421,ICICI BANK LIMITED,NEWAI,ICIC0006799
2422,Canara Bank,BAREILLY,CNRB0002838
2423,IDBI BANK,PILIBHIT,IBKL0001021
2424,KOTAK MAHINDRA BANK LIMITED,LUCKNOW ,KKBK0005199
2425,Bank of Baroda,BANDA,BARB0BANDAX
2426,Bank of Baroda, PILIBHIT,BARB0PILIBH
2427,HDFC Bank,PILIBHIT,HDFC0002543
2428,Axis Bank,SHAHJAHANPUR,UTIB0000823
2429,Bank of Baroda,PILIBHIT ,BARB0BLYPIL
2430,State Bank of India,LHSF PILIBHIT,SBIN0004549
2431,UNION BANK OF INDIA,FI-SURHURPUR,UBIN0565806
2432,PUNJAB NATIONAL BANK,BADAUN,PUNB0350300
2433,State Bank of India, KANPUR,SBIN0003809
2434,Bank of Baroda,NAKA MUZAFFA ,BARB0NAKFAI
2435,State Bank of India,NAGOD,SBIN0001348
2436,BANK OF MAHARASHTRA,RAJNIKHAND,MAHB0001938
2437,Bank of Baroda,PRATAPGARH,BARB0DERWAX
2438,Baroda Uttar Pradesh Gramin Bank, UTTAR PRADESH ,BARB0BUPGBX
2439,UNION BANK OF INDIA,KAIRONA,UBIN0535419
2440,Bank of Baroda,SANGRAMPUR,BARB0SANGRA
2441,State Bank of India,PATTI,SBIN0000240
2442,State Bank of India,BILHAUR,SBIN0001130
2443,Bank of Baroda, RAI BARELI,BARB0DALMAU
2444,Bank of Baroda,PRATAPGARH ,BARB0PRATAP
2445,State Bank of India, ALLAHABAS,SBIN0001621
2446,Punjab National Bank,RAMGANJ BAZAR,PUNB0188720
2447,INDIAN,KUNDA,IDIB000K835
2448,PUNJAB NATIONAL BANK,RAMAIPUR ,PUNB0188320
2449,ICICI bank,GOMTINAGAR┬á,ICIC0000214
2450,PUNJAB NATIONAL BANK,ALLAHABAD ,PUNB0036900
2451,State Bank of India, PRATAPGARH,SBIN0006674
2452,Axis Bank,RAI BARELI,UTIB0000681
2453,State Bank of India,PRATAPGARH,SBIN0000157
2454,INDIAN BANK,CHARKARI,IDIB000C554
2455,UNION BANK OF INDIA,MUMFORDGANJ,UBIN0932094
2456,ICICI BANK LIMITED,PRATAPGARH,ICIC0000819
2457,State Bank of India,SULTANPUR,SBIN0000188
2458,State Bank of India,BIDHNU,SBIN0010895
2459,State Bank of India,PHULPUR,SBIN0000155
2460,Bank of Baroda,RAMPUR ,BARB0RAMPRA
2461,Bank of Baroda,PRATAPGARH,BARB0KATRAM
2462,BOM,PRATAPGARH,MAHB0001661
2463,State Bank of India,LALGANJ,SBIN0002566
2464,State Bank of India,RAIBARELY,SBIN0001607
2465,State Bank of India,PRATAPGARH,SBIN0000157
2466,PUNJAB NATIONAL BANK,ALLAHABAD ,PUNB0001200
2467,CENTRAL BANK OF INDIA, VARANASI,CBIN0280196
2468,HDFC Bank,KUNDA,HDFC0004294
2469,Bank of Baroda,PUREY PANDAY,BARB0PUREYP
2470,State Bank of India, ALLAHABAS,SBIN0001621
2471,State Bank of India,RAJA BAZAR,SBIN0013546
2472,State Bank of India,BASAHARA,SBIN0009309
2473,PUNJAB NATIONAL BANK,LUCKNOW,PUNB0149620
2474,State Bank of India, PRATAPGARH,SBIN0006674
2475,Bank of Baroda,LUCKNOW,BARB0RAJLUC
2476,Bank of Baroda,SAHERUA,BARB0SAHERU
2477,CENTRAL BANK OF INDIA,DATIA,CBIN0281424
2478,Bank of Baroda,PRATAPGARH,BARB0KUNDAX
2479,State Bank of India, NAINI,SBIN0003486
2480,State Bank of India,CHILBILA,SBIN0005471
2481,State Bank of India,BASDEO NAGAR,SBIN0008321
2482,State Bank of India,MINWA,SBIN0008346
2483,UNION BANK OF INDIA,PHAPHAMAU,UBIN0917524
2484,PUNJAB NATIONAL BANK,SHEOGANJ,PUNB0368000
2485,PUNJAB NATIONAL BANK,  SULTANPUR,PUNB0590300
2486,Bank of Baroda,NAWABGANJ,BARB0NAWALL
2487,State Bank of India,PHULPUR,SBIN0000155
2488,State Bank of India,MANIKPUR ,SBIN0015508
2489,Bank of Baroda,SULTANPUR ,BARB0SULTAN
2490,State Bank of India,KAURIHAR,SBIN0014901
2491,Bank of Baroda, JAUNPUR,BARB0KERAKA
2492,PUNJAB NATIONAL BANK,DEORIA,PUNB0080610
2493,Bank of Baroda, UTTAR PRADESH ,BARB0BUPGBX
2494,Bank of Baroda, ALLAHABAD,BARB0SORAON
2495,Bank of Baroda,KAMLANAGAR,BARB0KAMNAG
2496,Punjab National Bank,HATA BLOCK MANDA,PUNB0207400
2497,State Bank of India,KARCHHANA,SBIN0001164
2498,Bank of Baroda, ALLAHABAD,BARB0BHELKH
2499,State Bank of India,BAI KA BAGH,SBIN0011750
2500,State Bank of India,SHASON,SBIN0003718
2501,Baroda Uttar Pradesh Gramin Bank, UTTAR PRADESH ,BARB0BUPGBX
2502,PUNJAB NATIONAL BANK,ALLAHABAD ,PUNB0100600
2503,INDIAN BANK,DANDOOPUR,IDIB000D525
2504,PUNJAB NATIONAL BANK, REWA ,PUNB0087600
2505,UNION BANK OF INDIA,RIHAND NAGAR,UBIN0550116
2506,Baroda Uttar Pradesh Gramin Bank,UTTAR PRADESH ,BARB0BUPGBX
2507,PUNJAB NATIONAL BANK,KANNAUJ,PUNB0459100
2508,Uttar Pradesh Gramin Bank,UTTAR PRADESH ,BARB0BUPGBX
2509,State Bank of India,NAINI,SBIN0000139
2510,UNION BANK OF INDIA,KARVI,UBIN0559296
2511,Baroda Uttar Pradesh Gramin Bank, UTTAR PRADESH ,BARB0BUPGBX
2512,State Bank of India,SHANKARGARH,SBIN0011253
2513,INDIAN BANK,TARAUNHA,IDIB000T528
2514,Bank of Baroda,BAHERIA,BARB0BAHERI
2515,State Bank of India, ALLAHABAS,SBIN0001621
2516,Bank of Baroda, ALLAHABAD,BARB0KARCHH
2517,Bank Of India,MEERAPUR,BKID0007004
2518,Bank of Baroda,DHANUPUR,BARB0DHAALL
2519,State Bank of India,Allahabad,SBIN0018920
2520,State Bank of India,MUHANDRA,SBIN0015311
2521,Bank of Baroda,HARISHCHANDRA ,BARB0HRIALL
2522,Axis Bank,PATNA,UTIB0000142
2523,PUNJAB NATIONAL BANK,PRAYAGRAJ,PUNB0090810
2524,INDIAN,KOHRAR,IDIB000K730
2525,Bank of Baroda,ALLAHABAD,BARB0JASRAX
2526,Canara Bank,SIWAN,CNRB0005376
2527,UNION BANK OF INDIA,KARVI,UBIN0559296
2528,Canara Bank,JEHANABAD,CNRB0003289
2529,State Bank of India,SHANKARGARH,SBIN0011253
2530,State Bank of India,ZARI BAZAR,SBIN0006340
2531,State Bank of India,KARWI,SBIN0000110
2532,INDIAN OVERSEAS BANK,VARANASI,IOBA0000370
2533,State Bank of India,NARI BARI,SBIN0015512
2534,UNION BANK OF INDIA,SIRMOUR,UBIN0541800
2535,HDFC Bank,PATTI,HDFC0004321
2536,Bank of Baroda,OBRA,BARB0OBRABS
2537,State Bank of India,ALLAHABAD,SBIN0003166
2538,YES BANK, MUMBAI,YESB0000062
2539,Bank of Baroda,ALLAHABAD,BARB0MEZARO
2540,State Bank of India,SATNA,SBIN0010467
2541,ICICI BANK LIMITED,MIRZAPUR,ICIC0000818
2542,HDFC Bank,FRASER ROAD,HDFC0009325
2543,Canara Bank,PRAYAGRAJ ,CNRB0018615
2544,State Bank of India, ALLAHABAD,SBIN0002619
2545,ICICI BANK LIMITED,ALLAHABAD,ICIC0001570
2546,Bank of Baroda,NAINI ,BARB0NAINIX
2547,Bank of Baroda,UTTAR PRADESH ,BARB0BUPGBX
2548,State Bank of India,PHULPUR,SBIN0000155
2549,State Bank of India,SIGRA,SBIN0002614
2550,INDIAN BANK,BADAUSA,IDIB000B518
2551,UCO,VARANASI,UCBA0001917
2552,HDFC Bank, KANPUR,HDFC0002080
2553,State Bank of India,JHUNSI,SBIN0005440
2554,Bank of Baroda,LUCKNOW,BARB0HAZARA
2555,State Bank of India,ALLAHABAS,SBIN0001621
2556,State Bank of India,ALLAHABAS,SBIN0001621
2557,State Bank of India,HANDIA,SBIN0001160
2558,State Bank of India,SHANKARGARH,SBIN0011253
2559,Punjab National Bank,ALLAHABAD ,PUNB0174900
2560,State Bank of India,REWA MAIN,SBIN0000468
2561,Bank of Baroda,ALLAHABAD,BARB0KARCHH
2562,State Bank of India,LALGANJ,SBIN0002566
2563,PUNJAB NATIONAL BANK,ALLAPUR,PUNB0100120
2564,Bank of Baroda, ALLAHABAD,BARB0MEZARO
2565,UBI,ALLAHABAD,UBIN0566543
2566,Uttar Pradesh Gramin Bank,UTTAR PRADESH ,BARB0BUPGBX
2567,Bank of Baroda,ALLAHABAD,BARB0SORAON
2568,State Bank of India,CHHIVAIYA,SBIN0009248
2569,PUNJAB NATIONAL BANK,KOTA,PUNB0250000
2570,Axis Bank,RATU ROAD,UTIB0001923
2571,UCO BANK,KHUSRO BAGH,UCBA0001919
2572,BANO OF BARODA,ALLAHABAD,BARB0MALAKA
2573,Canara Bank,PRATAPGARH,CNRB0003202
2574,INDIAN BANK,Banda,IDIB000B836
2575,Canara Bank,PRAYAGRAJ ,CNRB0018616
2576,UNION BANK OF INDIA, KANPUR,UBIN0545520
2577,Bank of Baroda, ALLAHABAD,BARB0BHELKH
2578,State Bank of India,KATRA GULAB ,SBIN0005409
2579,State Bank of India,SHAHGANJ,SBIN0000179
2580,State Bank of India,NARI BARI,SBIN0015512
2581,ICICI BANK LIMITED,SULTANPUR,ICIC0000443
2582,HDFC Bank,KORAON,HDFC0009127
2583,State Bank of India, SATNA,SBIN0016748
2584,State Bank of India,PHULPUR,SBIN0000155
2585,ICICI,FOCAL POINT,ICIC0002180
2586,State Bank of India, ALLAHABAD,SBIN0002580
2587,State Bank of India,NARI BARI,SBIN0015512
2588,State Bank of India,RAEBARELI,SBIN0000161
2589,Baroda Uttar Pradesh Gramin Bank, UTTAR PRADESH ,BARB0BUPGBX
2590,ICICI BANK LIMITED,GOMTINAGAR┬á,ICIC0000214
2591,Bank of Baroda,ALLAHABA ,BARB0MULALL
2592,Bank of Baroda, ALLAHABAD,BARB0BINDAX
2593,State Bank of India,PHAPHAMAU,SBIN0003487
2594,Bank of Baroda,BAXIKATALAB,BARB0BAKLUC
2595,State Bank of India,ALLAHABAD,SBIN0002619
2596,State Bank of India,JASPURA,SBIN0018842
2597,State Bank of India,IGFCC,SBIN0009072
2598,State Bank of India,Babuganj,SBIN0016705
2599,State Bank of India,SITAPUR,SBIN0000720
2600,State Bank of India,FATEHPUR,SBIN0000076
2601,State Bank of India,JAIL ROAD,SBIN0009019
2602,PUNJAB NATIONAL BANK,ALLAHABAD ,PUNB0001200
2603,Bank of Baroda,RAE BARELI ,BARB0RAEBAR
2604,State Bank of India,RAI BARELI,SBIN0001607
2605,HDFC Bank,RAE BAREILLY,HDFC0000945
2606,State Bank of India,BABERU,SBIN0011206
2607,HDFC Bank,KANPUR,HDFC0002080
2608,Bank Of India,AKBARPUR,BKID0006935
2609,State Bank of India,DALMAU ,SBIN0011217
2610,INDIAN BANK,BINDKI,IDIB000B829
2611,Bank of Baroda, RAE BARELI,BARB0RASULP
2612,State Bank of India,HAMIRPUR,SBIN0000089
2613,UCO BANK, LUCKNOW,UCBA0001420
2614,Bank of Baroda,RAE BARELI,BARB0BEDARO
2615,State Bank of India, RAEBARELI,SBIN0011218
2616,Bank of Baroda,RAI BARELI,BARB0DALMAU
2617,INDIAN BANK,MAHARAJGANJ,IDIB000M536
2618,PUNJAB NATIONAL BANK,LALITPUR,PUNB0798500
2619,ICICI BANK LIMITED,LALGANJ,ICIC0001726
2620,PUNJAB NATIONAL BANK, LALITPUR ,PUNB0078100
2621,IDBI BANK,FATEHPUR,IBKL0001060
2622,INDIAN OVERSEAS BANK,FATEHPUR,IOBA0002990
2623,Bank of Baroda,FATEHPUR,BARB0REWFAT
2624,HDFC Bank,UNCHAHAR,HDFC0004686
2625,Bank of Baroda,SIKANDARPUR,BARB0SIKAND
2626,State Bank of India,RAEBARELI,SBIN0000161
2627,Bank of Baroda, RAIBARELI,BARB0LALGAN
2628,Bank of Baroda,BAHADURPUR,BARB0BAHLUC
2629,Bank of Baroda,BAHADURPUR,BARB0BAHLUC
2630,Bank of Baroda,OPPOSITE ALKA HOTEL,BARB0FATFAI
2631,PUNJAB NATIONAL BANK,RAIBAREILY ,PUNB0091700
2632,Bank of Baroda,GEGASON CROSSING,BARB0GEGASO
2633,Bank of Baroda,HASWA,BARB0HASWAX
2634,Bank of Baroda,MADHUPURI,BARB0MADHUP
2635,Bank of Baroda,RAE BARELI,BARB0BEDARO
2636,UNION BANK OF INDIA,RAE BARELI,UBIN0913448
2637,Bank of Baroda,KORIHAR,BARB0KORIHA
2638,Bank of Baroda,UNCHAHAR,BARB0UNCHAH
2639,Bank of Baroda, RAEBARELI,BARB0RANANA
2640,Bank of Baroda, LUCKNOW,BARB0CHINHA
2641,PUNJAB NATIONAL BANK,BANDA,PUNB0054000
2642,Axis Bank,Lucknow,UTIB0000407
2643,State Bank of India,GONDA,SBIN0016804
2644,State Bank of India,AJITPUR,SBIN0014898
2645,Axis Bank,VIBHUTI KHAND,UTIB0002800
2646,PUNJAB NATIONAL BANK, MORADABAD,PUNB0034700
2647,Punjab National Bank,RAMPUR,PUNB0033010
2648,PRATHAMA UP GRAMIN BANK,Uttar Pradesh, BARB0BUPGBX 
2649,CENTRAL BANK OF INDIA,GODHI,CBIN0282479
2650,Canara Bank,BHOJPUR ,CNRB0018590
2651,State Bank of India,NEORIA  ,SBIN0004553
2652,PUNJAB NATIONAL BANK,RAM NAGAR,PUNB0091500
2653,Axis Bank,RAMPUR,UTIB0000795
2654,HDFC Bank,BAHERI,HDFC0002619
2655,UNION BANK OF INDIA,AONLA,UBIN0568309
2656,PUNJAB NATIONAL BANK,HAMIRPUR,PUNB0457600
2657,State Bank of India,"ADB,RAMPUR",SBIN0006034
2658,State Bank of India,RATAN PUR ,SBIN0009326
2659,State Bank of India,RAMPUR,SBIN0000702
2660,Bank of Baroda,I B B,BARB0INTMOR
2661,Bank of Baroda,RAMPUR U.P.,BARB0RAMPUR
2662,State Bank of India,DHARAMPUR,SBIN0011176
2663,State Bank of India, MORADABAD,SBIN0001893
2664,INDIAN BANK,SHAMLI,IDIB000S647
2665,UNION BANK OF INDIA,CHUTMALPUR,UBIN0530662
2666,PUNJAB NATIONAL BANK,PHANDPURI,PUNB0372700
2667,PUNJAB NATIONAL BANK,BEHADA KHURD,PUNB0986300
2668,Bank of Baroda,PURABGAON,BARB0PURABG
2669,PUNJAB NATIONAL BANK,SALEMPUR,PUNB0133500
2670,PUNJAB NATIONAL BANK ,SIKATAHA,PUNB0228200
2671,Bank of Baroda, UTTAR PRADESH ,BARB0BUPGBX
2672,ICICI BANK LIMITED,ROHTAK,ICIC0002522
2673,Bank of Baroda,HAKIKATNAGAR ,BARB0HAKIKT
2674,State Bank of India,SAHARANPUR,SBIN0050217
2675,Bank Of India,SAHARANPUR,BKID0007813
2676,PUNJAB NATIONAL BANK,SALEMPUR,PUNB0133500
2677,UNION BANK OF INDIA,THANA BHAWAN,UBIN0563498
2678,Bank Of India,SECTOR 9 BOKARO ,BKID0004795
2679,PUNJAB NATIONAL BANK,SAHARANPUR,PUNB0075910
2680,SYNDICATE BANK,RAVLI,CNRB0018765
2681,State Bank of India,YAMUNANAGAR,SBIN0050089
2682,PUNJAB NATIONAL BANK,DEOBAND,PUNB0013400
2683,State Bank of India,TRANSPORT NAGAR,SBIN0015423
2684,State Bank of India,D S COLLEGE,SBIN0003773
2685,INDIAN OVERSEAS BANK,Saharanpur,IOBA0001126
2686,State Bank of India,AMBETHA,SBIN0011464
2687,HDFC Bank,YAMUNANAGAR ,HDFC0004407
2688,PUNJAB NATIONAL BANK,SAHARANPUR ,PUNB0388500
2689,State Bank of India,PIPRAULI,SBIN0006328
2690,UNION BANK OF INDIA,NAKUR,UBIN0535524
2691,State Bank of India,GAGALHERI,SBIN0015422
2692,State Bank of India,TRANSPORT NAGAR,SBIN0015423
2693,PUNJAB NATIONAL BANK, SAHAR,PUNB0039700
2694,State Bank of India,KANPUR,SBIN0003809
2695,INDIAN BANK,SAHARANPUR,IDIB000S522
2696,Uttar Pradesh Gramin Bank,UTTAR PRADESH ,BARB0BUPGBX
2697,State Bank of India,BUDGAON,SBIN0011462
2698,Canara Bank,AKBARPUR,CNRB0004745
2699,State Bank of India, LUCKNOW,SBIN0006058
2700,PUNJAB NATIONAL BANK,PUNWARKA,PUNB0047810
2701,HDFC Bank,SHAHRANPUR,HDFC0002067
2702,State Bank of India,CHAKAI BAZAR,SBIN0014276
2703,UNION BANK OF INDIA,YAMUNANAGAR,UBIN0906191
2704,State Bank of India,BUDGAON,SBIN0011462
2705,Uttar Pradesh Gramin Bank,UTTAR PRADESH ,BARB0BUPGBX
2706,Axis Bank,VIBHUTI KHAND,UTIB0002800
2707,PUNJAB NATIONAL BANK,PHANDPURI,PUNB0372700
2708,Bank Of India,AKBARPUR,BKID0006857
2709,State Bank of India,BAGHPAT,SBIN0000740
2710,PUNJAB NATIONAL BANK,MORADABAD,PUNB0601000
2711,State Bank of India,CHANDAUSI,SBIN0000627
2712,Axis Bank,GOMTI NAGAR,UTIB0001550
2713,SBI HARIYANA,HARIYANA,SBIN0050528
2714,Uttar Pradesh Gramin Bank,Uttar Pradesh,BARB0BUPGBX
2715,State Bank of India,BILARI,SBIN0000595
2716,State Bank of India,MAHOBA,SBIN0000128
2717,Canara Bank, AMROHA,CNRB0018589
2718,State Bank of India,J.S.HINDU ,SBIN0018144
2719,Bank Of India,MANYAVAR,BKID0007270
2720,Bank of Baroda,GORAKHPUR,BARB0MEDGOR
2721,State Bank of India,SHAHJAHANPUR,SBIN0003085
2722,Canara Bank,SHAUNALI,CNRB0018959
2723,Canara Bank,MORADABAD ,CNRB0018597
2724,Bank Of India,MORADABAD ,BKID0007804
2725,State Bank of India,LUCKNOW,SBIN0003223
2726,State Bank of India,SIRSI,SBIN0003819
2727,PUNJAB NATIONAL BANK,ANOOPSHAHR,PUNB0473500
2728,State Bank of India,SAMBHAL,SBIN0000711
2729,PUNJAB NATIONAL BANK,MORADABAD,PUNB0601000
2730,Axis Bank,MAINPURI,UTIB0001093
2731,State Bank of India,J.S.HINDU ,SBIN0018144
2732,PUNJAB NATIONAL BANK, MORADABAD,PUNB0996200
2733,PUNJAB NATIONAL BANK,J.P. NAGAR,PUNB0651100
2734,CENTRAL BANK OF INDIA,BANSATHI,CBIN0282862
2735,PUNJAB NATIONAL BANK,BASTI ,PUNB0058700
2736,State Bank of India,GORAKHPUR,SBIN0014900
2737,State Bank of India,MAHEVA CHUNGI,SBIN0011189
2738,HDFC Bank,SHIVPUR,HDFC0004807
2739,Baroda Uttar Pradesh Gramin Bank,UTTAR PRADESH ,BARB0BUPGBX
2740,State Bank of India,Khalilabad,SBIN0011827
2741,State Bank of India,SAHJANWA,SBIN0006502
2742,State Bank of India,WAZIRGANJ ,SBIN0017304
2743,Bank of Baroda,MOTIGANJ,BARB0MOTIGA
2744,Bank Of India,ALLAHABAD,BKID0007000
2745,State Bank of India,GOLGHAR,SBIN0003205
2746,Bank of Baroda,LUCKNOW,BARB0CHINHA
2747,INDIAN BANK,PANIKALAN,IDIB000P561
2748,UNION BANK OF INDIA,BALLIPUR,UBIN0576522
2749,State Bank of India,COURT AREA,SBIN0006211
2750,CENTRAL BANK OF INDIA,MEHDAVAL,CBIN0284478
2751,State Bank of India,KHALILABAD,SBIN0000115
2752,HDFC Bank,BASTI,HDFC0001888
2753,State Bank of India,KHALILABAD,SBIN0000115
2754,Bank Of India,TARAMANDAL,BKID0007182
2755,State Bank of India,BASTI,SBIN0000031
2756,State Bank of India,GOLGHAR,SBIN0003205
2757,Baroda Uttar Pradesh Gramin Bank, UTTAR PRADESH ,BARB0BUPGBX
2758,PUNJAB NATIONAL BANK,MAHARAJGANJ,PUNB0608500
2759,Bank of Baroda,VARANASI,BARB0CHITAI
2760,HDFC Bank,JOGINKA,HDFC0002797
2761,HDFC Bank,JOGINKA,HDFC0002797
2762,ICICI bank,BHADOHI,ICIC0000820
2763,PUNJAB AND SIND BANK,LALITPUR,PSIB0021375
2764,Bank of Baroda,VINDHYACHAL,BARB0VINDHY
2765,State Bank of India,KHAMARIA,SBIN0017266
2766,UNION BANK OF INDIA,MAUGANJ,UBIN0541834
2767,HDFC Bank,JOGINKA,HDFC0002797
2768,Canara Bank,VARANASI,CNRB0001191
2769,INDIAN BANK,KVP UNIV,IDIB000K619
2770,INDIAN BANK,UP COLLEGE ,IDIB000U501
2771,UNION BANK OF INDIA,RAJA TALAB,UBIN0530417
2772,HDFC Bank,JOGINKA,HDFC0002797
2773,State Bank of India, ALLAHABAS,SBIN0001621
2774,Axis Bank,MP NAGAR ZONE ,UTIB0003634
2775,State Bank of India,LANKA,SBIN0011508
2776,YES BANK, GYANPUR,YESB0BHUC01
2777,UNION BANK OF INDIA,GHANSHYAMPUR,UBIN0539996
2778,INDIAN BANK,VARANASI ,IDIB000R572
2779,Bank of Baroda,SORAON ,BARB0SORAON
2780,UNION BANK OF INDIA,LANKA,UBIN0564931
2781,HDFC Bank,JOGINKA,HDFC0002797
2782,HDFC Bank,MIRZAPUR,HDFC0001912
2783,CENTRAL BANK OF INDIA,GOPIGANJ,CBIN0284167
2784,PUNJAB NATIONAL BANK,DALA ,PUNB0481700
2785,UNION BANK OF INDIA,MIRZAPUR,UBIN0535346
2786,Bank Of India,TALA NAGRI,BKID0007727
2787,Bank of Baroda, SHAHJAHANPUR,BARB0AKARRA
2788,PUNJAB NATIONAL BANK, SHAHAJAHANPUR,PUNB0680500
2789,PUNJAB NATIONAL BANK,PCF BUILDING,PUNB0474000
2790,Bank of Baroda,SHAHJAHANPUR,BARB0NIGOHI
2791,Bank of Baroda, SHAHJAHANPUR,BARB0BANSHA
2792,Bank of Baroda, BAREILLY,BARB0BLYBHO
2793,Canara Bank,BELWA ,CNRB0006397
2794,State Bank of India,NEORIA  ,SBIN0004553
2795,Bank Of India,SARVODAYA NAGAR,BKID0006836
2796,Axis Bank,VIBHUTI KHAND,UTIB0002800
2797,State Bank of India,SHAHJAHANPUR,SBIN0005297
2798,HDFC Bank,BAREILLY,HDFC0000304
2799,State Bank of India,CHANDAN CHOWKI,SBIN0004575
2800,State Bank of India,KUTAR,SBIN0011185
2801,Bank of Baroda,BAREILLY,BARB0SUBBAR
2802,State Bank of India,PANT NAGAR,SBIN0001133
2803,ICICI BANK LIMITED,MORADABAD ,ICIC0001587
2804,State Bank of India,BISWAN,SBIN0000622
2805,Bank of Baroda, SHAHAJAHANPUR,BARB0KALANX
2806,State Bank of India,UMEDPUR ,SBIN0011171
2807,State Bank of India,KANT BRANCH,SBIN0015111
2808,UNION BANK OF INDIA,GOVINDNAGAR,UBIN0564184
2809,State Bank of India,BAREILLY,SBIN0010317
2810,UNION BANK OF INDIA,ROHILKHAND ,UBIN0550523
2811,PUNJAB NATIONAL BANK,SULTANPUR,PUNB0391400
2812,State Bank of India, KANPUR,SBIN0003809
2813,PUNJAB NATIONAL BANK,GOLA GOKARAN ,PUNB0190100
2814,State Bank of India,AONLA,SBIN0000611
2815,State Bank of India,JALALABAD,SBIN0001121
2816,Bank of Baroda,MURADPUR,BARB0MURADP
2817,State Bank of India, SHAHJAHANPUR,SBIN0003085
2818,State Bank of India,ROZA MANDI,SBIN0014452
2819,State Bank of India,AMRITPUR,SBIN0011999
2820,HDFC Bank,TILHAR,HDFC0004212
2821,YES BANK,SHAHJAHANPUR,YESB0000624
2822,Axis Bank,LUCKNOW,UTIB0000407
2823,State Bank of India,KAMALGANJ,SBIN0011210
2824,PUNJAB NATIONAL BANK,MUZAFFARNAGAR,PUNB0371800
2825,PUNJAB NATIONAL BANK,SAHARANPUR ,PUNB0087800
2826,PUNJAB AND SIND BANK,SHAMLI ,PSIB0020932
2827,Bank Of India,SHAMLI,BKID0007653
2828,Punjab National Bank,KARNALSECTOR ,PUNB0102110
2829,State Bank of India,BINAULI,SBIN0002319
2830,UNION BANK OF INDIA,SAHARANPUR  ,UBIN0530654
2831,PUNJAB NATIONAL BANK,MORADABAD,PUNB0614100
2832,State Bank of India,PIPARIA AGRU,SBIN0009362
2833,State Bank of India, SAHARANPUR,SBIN0004258
2834,PUNJAB NATIONAL BANK,GARHI ABDULLA ,PUNB0038710
2835,State Bank of India,NANAUTA,SBIN0012493
2836,HDFC Bank,DLF GALERIA,HDFC0001202
2837,HDFC Bank,DLF GALERIA,HDFC0001202
2838,Bank Of India,SHAMLI,BKID0007653
2839,PUNJAB NATIONAL BANK,MUZAFFARNAGAR,PUNB0302300
2840,ICICI BANK LIMITED,MEERUT┬á,ICIC0006285
2841,State Bank of India,ROBERTSGANJ,SBIN0000170
2842,State Bank of India,BUDHANA TOWN,SBIN0007434
2843,UCO BANK,SULTANPUR,UCBA0001121
2844,State Bank of India,BANDA,SBIN0000021
2845,PUNJAB NATIONAL BANK,SHAMLI,PUNB0043110
2846,INDIAN BANK,SHAMLI,IDIB000S647
2847,PUNJAB NATIONAL BANK,BAHRAICH,PUNB0185700
2848,PUNJAB NATIONAL BANK,LUCKNOW ,PUNB0392600
2849,State Bank of India,KUMS JANGIPUR,SBIN0006914
2850,Axis Bank,SHRAVASTI,UTIB0004239
2851,PUNJAB NATIONAL BANK,BHINGA,PUNB0415900
2852,UNION BANK OF INDIA,HARAUNI,UBIN0543454
2853,INDIAN BANK,DAYALI,IDIB000D548
2854,HDFC Bank,IKAUNA,HDFC0004271
2855,INDIAN BANK,BHINGA,IDIB000B788
2856,Bank Of India,ASHOK MARG,BKID0006805
2857,State Bank of India,SHRAVASTI,SBIN0011222
2858,Bank of Baroda,SHIVGARHKALA,BARB0SHIVGA
2859,Bank of Baroda, LUCKNOW,BARB0MALIHA
2860,State Bank of India,KURWA,SBIN0009874
2861,INDIAN BANK,SIRSIYA,IDIB000S723
2862,Punjab National Bank ,BHINGA,PUNB0415900
2863,Bank of Baroda,Bhinga,BARB0BHINGA
2864,State Bank of India, LUCKNOW,SBIN0009021
2865,HDFC Bank,BHINGA,HDFC0002638
2866,KOTAK MAHINDRA BANK LIMITED,ALIGANJ ,KKBK0005190
2867,PUNJAB NATIONAL BANK,SHRAWASTI,PUNB0991900
2868,PUNJAB NATIONAL BANK,BHINGA,PUNB0415900
2869,INDIAN BANK          ,BAHRAICH,IDIB000S618
2870,State Bank of India,SHRAVASTI,SBIN0017354
2871,INDIAN BANK,IKAUNA,IDIB000I512
2872,INDIAN BANK,SIRSIYA,IDIB000S723
2873,State Bank of India,RAMWAPUR ,SBIN0005372
2874,Baroda Uttar Pradesh Gramin Bank, UTTAR PRADESH ,BARB0BUPGBX
2875,UNION BANK OF INDIA,FI LEDHUPUR,UBIN0564664
2876,State Bank of India,SHORATHGARH,SBIN0002613
2877,PUNJAB NATIONAL BANK,FAIZABAD,PUNB0019400
2878,State Bank of India,ITWA,SBIN0002553
2879,UNION BANK OF INDIA,CHAMBALTARA,UBIN0546178
2880,State Bank of India,DEOGAON,SBIN0010883
2881,State Bank of India,DHAURHARA,SBIN0004673
2882,Bank Of India,NAUGARH,BKID0006993
2883,Sentral bank off India,SIDDHARTH NAGAR,CBIN0284479
2884,State Bank of India,SATNA CITY,SBIN0001260
2885,CENTRAL BANK OF INDIA,BASTI,CBIN0282866
2886,UNION BANK OF INDIA,BAANSI,UBIN0573639
2887,Axis Bank,VIBHUTI KHAND,UTIB0002800
2888,State Bank of India,DEEGH,SBIN0011246
2889,UNION BANK OF INDIA,RUDRAPUR ,UBIN0576158
2890,PUNJAB NATIONAL BANK,SHOHRATGARH  ,PUNB0475300
2891,State Bank of India,MANNIJOT,SBIN0009575
2892,HDFC Bank,BASTI,HDFC0001888
2893,Bank of Baroda,TETARI BAZAR,BARB0TETARI
2894,Baroda Uttar Pradesh Gramin Bank,GOMTI NAGAR ,BARB0BUPGBX
2895,PUNJAB NATIONAL BANK,SIDHARTHNGR,PUNB0228000
2896,IDBI BANK,BASTI,IBKL0001586
2897,State Bank of India,BANSI,SBIN0001393
2898,PUNJAB NATIONAL BANK,SIDHARTH NAGAR,PUNB0396300
2899,State Bank of India,CAMPIERGANJ,SBIN0010882
2900,State Bank of India,GAURDEEH,SBIN0015685
2901,Baroda Uttar Pradesh Gramin Bank, UTTAR PRADESH ,BARB0BUPGBX
2902,State Bank of India,A P SEN ROAD,SBIN0011214
2903,State Bank of India,TILORA,SBIN0009302
2904,State Bank of India,MAUNATH BHANJAN,SBIN0001671
2905,State Bank of India,GAURDEEH,SBIN0015685
2906,State Bank of India,PARSHURAMPUR,SBIN0011196
2907,State Bank of India,SHORATHGARH,SBIN0002613
2908,Baroda Uttar Pradesh Gramin Bank,UTTAR PRADESH ,BARB0BUPGBX
2909,State Bank of India,AURATAL,SBIN0009982
2910,ICICI BANK LIMITED,LUCKNOW ,ICIC0001671
2911,CENTRAL BANK OF INDIA,PRATAPPUR,CBIN0281592
2912,State Bank of India,ITWA,SBIN0002553
2913,UNION BANK OF INDIA, VARANASI,UBIN0541672
2914,Baroda Uttar Pradesh Gramin Bank, UTTAR PRADESH ,BARB0BUPGBX
2915,Axis Bank,VIBHUTI KHAND,UTIB0002800
2916,State Bank of India,BAJRANGNAGER ,SBIN0014904
2917,PUNJAB NATIONAL BANK,SHOHRATGARH  ,PUNB0475300
2918,State Bank of India,BIRDPUR,SBIN0002531
2919,State Bank of India,WALTERGANJ,SBIN0003323
2920,CENTRAL BANK OF INDIA, FAIZABAD,CBIN0283302
2921,State Bank of India, ALLAHABAD,SBIN0002580
2922,State Bank of India,ITWA,SBIN0002553
2923,State Bank of India,SHIVEGARH,SBIN0018415
2924,State Bank of India,PHARENDA,SBIN0000210
2925,State Bank of India,TETRI BAZAR,SBIN0003572
2926,State Bank of India,BIRDPUR,SBIN0002531
2927,State Bank of India,BRIDGEMANGANJ,SBIN0002532
2928,Baroda Uttar Pradesh Gramin Bank, UTTAR PRADESH ,BARB0BUPGBX
2929,State Bank of India,ALLAHABAD ,SBIN0002506
2930,State Bank of India,SHASON,SBIN0003718
2931,PUNJAB NATIONAL BANK,LAKHIMPUR,PUNB0028900
2932,PUNJAB NATIONAL BANK,LAKHUN,PUNB0135300
2933,ICICI bank,SECTOR 30,ICIC0002449
2934,ICICI BANK LIMITED,SITAPUR,ICIC0000821
2935,UNION BANK OF INDIA,SIDHAULI,UBIN0559393
2936,State Bank of India,DHAURHARA,SBIN0004673
2937,Axis Bank,MOHAN COOPERATIVE,UTIB0001771
2938,Bank of Baroda,SIDHAULI,BARB0SIDHAU
2939,INDIAN BANK,KAMOLIA,IDIB000K252
2940,State Bank of India,LUCKNOW,SBIN0008189
2941,Bank Of India,LAHARPUR,BKID0007556
2942,ICICI BANK LIMITED,VASCO,ICIC0000226
2943,PUNJAB NATIONAL BANK,LAKHIMPUR KHERI,PUNB0028900
2944,Bank Of India,AZAMGARH,BKID0007290
2945,PUNJAB NATIONAL BANK,SITAPUR,PUNB0043100
2946,UNION BANK OF INDIA,BALRAMPUR,UBIN0557226
2947,State Bank of India, SITAPUR,SBIN0017328
2948,State Bank of India,ALAMBAGH,SBIN0003222
2949,State Bank of India,RAMKOT,SBIN0005662
2950,ICICI BANK LIMITED,LUCKNOW ,ICIC0000325
2951,HDFC Bank,SITAPUR,HDFC0000852
2952,Indian Bank,MISHRIKH,IDIB000R534
2953,Bank Of India,HARDOI,BKID0007400
2954,INDIAN BANK,HAMIRPUR,IDIB000K816
2955,HDFC Bank,BAHRAICH,HDFC0007613
2956,PUNJAB NATIONAL BANK,SITAPUR,PUNB0043100
2957,State Bank of India,BINAURA,SBIN0008315
2958,State Bank of India,MAHOLI,SBIN0011223
2959,State Bank of India,BAHRAICH,SBIN0009874
2960,Indian Bank of India,BARABANKI,IDIB000B096
2961,UNION BANK,MISHRIKH,UBIN0935344
2962,UNION BANK OF INDIA,RAJAPUR,UBIN0569135
2963,ALLAHABAD BANK,KASRAILA,IDIB000K622
2964,State Bank of India,BANDA,SBIN0000021
2965,Bank of Baroda,MADARMAU,BARB0MADARM
2966,HDFC Bank,SITAPUR,HDFC0000852
2967,State Bank of India,JANKIPURAM ,SBIN0012981
2968,UNION BANK OF INDIA,KHAIRABAD,UBIN0569127
2969,PUNJAB NATIONAL BANK,LUCKNOW ,PUNB0075600
2970,State Bank of India,GOSAIGANJ,SBIN0001475
2971,State Bank of India,BUDHESHWAR,SBIN0018206
2972,State Bank of India,CHOPAN,SBIN0015511
2973,State Bank of India,RAM NAGAR,SBIN0003091
2974,State Bank of India,MAHOBA,SBIN0000128
2975,State Bank of India,GHORAWAL,SBIN0012301
2976,Uttar Pradesh Gramin Bank,Uttar Pradesh,BARB0BUPGBX
2977,INDIAN BANK,Khairpur,IDIB000K664
2978,State Bank of India,ROBERTSGANJ,SBIN0000170
2979,PUNJAB NATIONAL BANK,DALA,PUNB0481700
2980,State Bank of India,RANIKUDAR,SBIN0007956
2981,INDIAN BANK,DUDHI,IDIB000D667
2982,State Bank of India,NAGWA,SBIN0015535
2983,State Bank of India,NAUGARH,SBIN0003655
2984,Canara Bank,KURSI,CNRB0004680
2985,Bank Of India,DUDDHI,BKID0007015
2986,State Bank of India,ROBERTSGANJ,SBIN0000170
2987,State Bank of India,SHAKTI NAGAR,SBIN0005767
2988,State Bank of India, DALTONGANJ,SBIN0003144
2989,PUNJAB NATIONAL BANK,ALLAHABAD ,PUNB0228400
2990,INDIAN BANK,MARKUNDI,IDIB000M642
2991,CENTRAL BANK OF INDIA,MUGALSARAI,CBIN0283399
2992,Baroda Uttar Pradesh Gramin Bank,Uttar Pradesh,BARB0BUPGBX
2993,UCO BANK,MUIRPUR,UCBA0000935
2994,Bank of Baroda,NARAINPUR,BARB0NARABS
2995,Bank of Baroda, VARANASI,BARB0RAMNBS
2996,Bank of Baroda,MYORPUR,BARB0MYORPU
2997,State Bank of India,RAJGARH,SBIN0011238
2998,State Bank of India,NAGWA,SBIN0015535
2999,State Bank of India,ROBERTSGANJ,SBIN0000170
3000,State Bank of India,CHOPAN,SBIN0015511
3001,INDIAN BANK,AMWAR,IDIB000A624
3002,Bank of Baroda,ROBERTSGANJ,BARB0ROBERT
3003,INDIAN BANK,HANDIA,IDIB000H526
3004,INDIAN BANK,KVP UNIV,IDIB000K619
3005,State Bank of India,ROBERTSGANJ,SBIN0000170
3006,State Bank of India,KAPSETHI,SBIN0010886
3007,INDIAN BANK,KOLANA,IDIB000K781
3008,State Bank of India,GOVINDPUR,SBIN0007091
3009,State Bank of India,CHOPAN,SBIN0015511
3010,INDIAN BANK,MIRZAPUR,IDIB000M709
3011,State Bank of India,SOMAIYA NAGAR,SBIN0006923
3012,UNION BANK OF INDIA,TIKRI,UBIN0539945
3013,State Bank of India,MUNDERA,SBIN0013228
3014,State Bank of India,ROBERTSGANJ,SBIN0000170
3015,INDIAN BANK,BABHNAULI,IDIB000B511
3016,Bank Of India,BHADOHI SSI,BKID0006912
3017,State Bank of India,SANDILA,SBIN0001149
3018,State Bank of India,ROBERTSGANJ,SBIN0000170
3019,State Bank of India,JAYANT,SBIN0003991
3020,INDIAN BANK,ROBERTSGANJ,IDIB000R644
3021,PUNJAB NATIONAL BANK,MIRZAPUR,PUNB0612200
3022,INDIAN BANK,DUDHI,IDIB000D667
3023,Bank Of India,PROBERTSGANJ,BKID0006928
3024,State Bank of India,ROBERTSGANJ,SBIN0000170
3025,INDIAN BANK,LOHANDI,IDIB000L548
3026,State Bank of India,AMETHI,SBIN0001158
3027,State Bank of India, KHAGAUL,SBIN0015923
3028,INDIA POST PAYMENT BANK,CORPORATE OFFICE,IPOS0000001
3029,State Bank of India,SULTANPUR,SBIN0000188
3030,PUNJAB NATIONAL BANK,SULTANPUR ,PUNB0312600
3031,Bank of Baroda,BADHMANDI,BARB0BADHMA
3032,Bank of Baroda,PRATAPGARH ,BARB0PRATAP
3033,Punjab Bank of India,LUCKNOW  ,PUNB0851800
3034,Bank of Baroda,SULTANPUR,BARB0MUNSHI
3035,Bank of Baroda,GABHARIA ,BARB0GABSUL
3036,State Bank of India,HARGAON,SBIN0002550
3037,Baroda Uttar Pradesh Gramin Bank,GOMTI NAGAR ,BARB0BUPGBX
3038,Bank of Baroda,ATARSUMA KALAN,BARB0ATARSU
3039,Bank of Baroda,KADIPUR,BARB0KADIPU
3040,PUNJAB NATIONAL BANK,AKBARPUR,PUNB0625700
3041,Bank of Baroda,PAYAGIPUR,BARB0PAYAGI
3042,Bank Of India,LAHARPUR,BKID0007556
3043,Axis Bank, NOIDA,UTIB0001788
3044,State Bank of India,LAMBHUA,SBIN0011331
3045,UNION BANK OF INDIA,SAGRI,UBIN0530310
3046,Bank of Baroda, RAE BARELI,BARB0KHATOU
3047,Bank of Baroda,PRATAPGARH,BARB0ANTUXX
3048,Bank of Baroda,SULTANPUR,BARB0MUNSHI
3049,State Bank of India,SOUTH CITY,SBIN0016167
3050,PUNJAB NATIONAL BANK,SULTANPUR ,PUNB0312600
3051,UNION BANK OF INDIA,BHION,UBIN0569313
3052,State Bank of India,RAMGANJ,SBIN0003276
3053,Canara Bank,LAKHIMPUR KHERI,CNRB0002910
3054,Punjab Bank of India,SULTANPUR ,PUNB0312600
3055,PUNJAB NATIONAL BANK,AYODHYA ,PUNB0386500
3056,PUNJAB NATIONAL BANK,SULTANPUR ,PUNB0312600
3057,Baroda Uttar Pradesh Gramin Bank, UTTAR PRADESH ,BARB0BUPGBX
3058,Bank of Baroda,SULTANPUR,BARB0MUNSHI
3059,State Bank of India,SALON,SBIN0001095
3060,State Bank of India,KADIPUR,SBIN0010877
3061,Bank of Baroda,SULTANPUR,BARB0SISOUD
3062,Bank of Baroda,AMETHI,BARB0AMETHI
3063,Bank of Baroda,FATEHPUR,BARB0REWFAT
3064,CORPORATION BANK,AKBARPUR,UBIN0914410
3065,State Bank of India,KORWA,SBIN0008069
3066,Bank of Baroda, KANPUR,BARB0SHYAMX
3067,UNION BANK OF INDIA,BHION,UBIN0569313
3068,Bank of Baroda, UTTAR PRADESH ,BARB0BUPGBX
3069,PUNJAB NATIONAL BANK,PRATAPGARH,PUNB0130310
3070,Bank of Baroda,RAE BARELI,BARB0RAEBAR
3071,INDIAN BANK,FAIZABAD,IDIB000F502
3072,INDIAN BANK,GODOWLIA,IDIB000G035
3073,INDIAN BANK,SULTANPUR,IDIB000S172
3074,Bank of Baroda,RAMPUR BHAGAN,BARB0RAMBAG
3075,HDFC Bank,INDRANAGAR ,HDFC0009176
3076,Bank of Baroda,SULTANPUR ,BARB0SULTAN
3077,Bank Of India,PRATAPGARH,BKID0007030
3078,State Bank of India,AKABARPUR,SBIN0000003
3079,State Bank of India,Sultanpur,SBIN0010877
3080,State Bank of India,RAJGARH,SBIN0011238
3081,Bank of Baroda,UTTAR PRADESH ,BARB0BUPGBX
3082,PUNJAB NATIONAL BANK,SULTANPUR ,PUNB0312600
3083,HDFC Bank,BAREILLY,HDFC0000860
3084,Punjab Bank of India,SULTANPUR,PUNB0790000
3085,State Bank of India,HARARI,SBIN0008740
3086,PUNJAB NATIONAL BANK, SULTANPUR,PUNB0790000
3087,PUNJAB NATIONAL BANK,REWA ,PUNB0629300
3088,State Bank of India,SITALPUR,SBIN0005786
3089,State Bank of India,"UTRETHIA, LUCKNOW",SBIN0016727
3090,Bank of Baroda,Lucknow,BARB0VJHAZR
3091,UCO BANK,LUCKNOW UNIVERSITY,UCBA0000060
3092,State Bank of India,JAIS,SBIN0004042
3093,Bank Of India,JANKIPURAM VISTAR,BKID0006842
3094,Bank of Baroda,SULTANPUR ,BARB0SULTAN
3095,INDIAN BANK, SUMERPUR,IDIB000B767
3096,PUNJAB NATIONAL BANK,SULTANPUR ,PUNB0312600
3097,State Bank of India,ALLAHABAD,SBIN0016806
3098,PUNJAB NATIONAL BANK,SULTANPUR ,PUNB0312600
3099,PUNJAB NATIONAL BANK,FAIZABAD ,PUNB0415200
3100,Bank of Baroda,SULTANPUR,BARB0MUNSHI
3101,Bank of Baroda,GABHARIA,BARB0GABSUL
3102,PUNJAB NATIONAL BANK,RANIGANJ ,PUNB0368000
3103,Bank of Baroda, SULTANPUR,BARB0DOSTPU
3104,Punjab Bank of India,SULTANPUR ,PUNB0312600
3105,PUNJAB NATIONAL BANK,SULTANPUR,PUNB0312600
3106,PUNJAB NATIONAL BANK, SULTANPUR,PUNB0790000
3107,Bank of Baroda,AMBEDKAR NAGAR,BARB0BASKHA
3108,Bank of Baroda,SULTANPUR,BARB0KUREBH
3109,PUNJAB NATIONAL BANK,SULTANPUR ,PUNB0312600
3110,State Bank of India,AMETHI,SBIN0001158
3111,State Bank of India,MOHAN,SBIN0018454
3112,UNION BANK OF INDIA,LALAGANJ,UBIN0569356
3113,UNION BANK OF INDIA,ACHALGANJ,UBIN0919047
3114,State Bank of India,CHANDER NAGAR,SBIN0006056
3115,State Bank of India, UNNAO,SBIN0017746
3116,State Bank of India,BHAWANIGANJ,SBIN0008352
3117,Bank of Baroda,RANWAL,BARB0RANWAL
3118,State Bank of India,JAIL ROAD,SBIN0009019
3119,State Bank of India,TIKAMGARH,SBIN0000490
3120,HDFC Bank, LUCKNOW,HDFC0002623
3121,UCO BANK,PANKI ,UCBA0002575
3122,UNION BANK OF INDIA,GOVINDNAGAR,UBIN0564184
3123,PUNJAB NATIONAL BANK,UNNAO ,PUNB0208800
3124,PUNJAB NATIONAL BANK,DEORIA ,PUNB0187700
3125,PUNJAB NATIONAL BANK, LUCKNOW,PUNB0180610
3126,INDIAN BANK,JANKIPURAM,IDIB000L559
3127,PUNJAB NATIONAL BANK, KANPUR,PUNB0286300
3128,INDIAN BANK,SITAPUR,IDIB000M517
3129,Axis Bank,LUCKNOW,UTIB0000407
3130,ICICI bank,UNNAO,ICIC0000822
3131,State Bank of India,ADB SITAPUR,SBIN0005802
3132,INDIAN BANK, AKBARPUR,IDIB000I547
3133,UNION BANK OF INDIA, KANPUR,UBIN0534951
3134,Bank of Baroda,KANNAUJ,BARB0BLYKAN
3135,Bank of Baroda,GEGASON CROSSING,BARB0GEGASO
3136,ICICI BANK LIMITED,KANPUR ,ICIC0001046
3137,Bank of Baroda,LUCKNOW,BARB0EXTJAN
3138,State Bank of India, LUCKNOW,SBIN0005679
3139,ICICI,UNNAO,ICIC0000822
3140,UNION BANK OF INDIA,LUCKNOW,UBIN0553654
3141,State Bank of India,UNNAO,SBIN0000200
3142,State Bank of India,RAMSANEHI,SBIN0000239
3143,Bank of Baroda,HARCHANDPUR,BARB0HARCHA
3144,Bank Of India,KANNAUJ,BKID0007602
3145,State Bank of India,JAWAHAR BHAVAN,SBIN0006144
3146,State Bank of India,KIDWAI NAGAR,SBIN0001786
3147,Bank of Baroda,BACHHRAWAN,BARB0BACHHR
3148,Bank Of India,UNNAO,BKID0007300
3149,UNION BANK OF INDIA,KURNOOL ,UBIN0803201
3150,Bank of Baroda, RAE BARELI,BARB0DARRAE
3151,State Bank of India,RAILWAY STATION,SBIN0009022
3152,ICICI BANK LIMITED,LUCKNOW┬á,ICIC0006281
3153,State Bank of India,PATAN,SBIN0013049
3154,PUNJAB NATIONAL BANK, UNNAO ,PUNB0367900
3155,CENTRAL BANK OF INDIA,NAWABGANJ,CBIN0281460
3156,State Bank of India, KANPUR,SBIN0003809
3157,Canara Bank,LUCKNOW ,CNRB0018495
3158,PUNJAB NATIONAL BANK,UNNAO,PUNB0852900
3159,CENTRAL BANK OF INDIA, LUCKNOW,CBIN0283745
3160,ICICI bank,UNNAO,ICIC0000822
3161,CENTRAL BANK OF INDIA,MAHANAGAR,CBIN0282148
3162,State Bank of India,MOHANLALGANJ,SBIN0006060
3163,Bank of Baroda,BIGHAPUR,BARB0BIGHAP
3164,PUNJAB NATIONAL BANK, RAIBAREILY,PUNB0465500
3165,PUNJAB NATIONAL BANK, LUCKNOW,PUNB0987900
3166,Axis Bank,LUCKNOW,UTIB0000407
3167,HDFC Bank,LUCKNOW,HDFC0001136
3168,ICICI bank,UNNAO,ICIC0000822
3169,State Bank of India,UNNAO CITY,SBIN0010897
3170,PUNJAB NATIONAL BANK,UNNAO,PUNB0335500
3171,PUNJAB NATIONAL BANK,LUCKNOW,PUNB0691000
3172,PUNJAB NATIONAL BANK,LUCKNOW,PUNB0733600
3173,PUNJAB NATIONAL BANK,HARDOI ,PUNB0186300
3174,Bank of Baroda, LUCKNOW,BARB0SAROJI
3175,HDFC Bank,LUCKNOW ,HDFC0000594
3176,ICICI bank,VISHAL KHAND,ICIC0003876
3177,PUNJAB NATIONAL BANK, UNNAO,PUNB0643200
3178,State Bank of India,SHAHJAHANPUR,SBIN0003085
3179,Bank of Baroda, UNNAO,BARB0SHUNAO
3180,Axis Bank,SHASTRI NAGAR,UTIB0002197
3181,UNION BANK OF INDIA,UNNAO ,UBIN0551961
3182,Bank Of India,UNNAO,BKID0007305
3183,Bank Of India,NAWABGANJ,BKID0007309
3184,ICICI bank,UNNAO,ICIC0000822
3185,State Bank of India,SAIDPUR,SBIN0001096
3186,State Bank of India,MAIHAR,SBIN0000417
3187,State Bank of India, SORAON,SBIN0006603
3188,IDBI BANK,NOIDA ,IBKL0000200
3189,State Bank of India,CHRIST NAGAR,SBIN0011163
3190,Axis Bank,MARIPUR,UTIB0001444
3191,State Bank of India, VARANASI,SBIN0001868
3192,State Bank of India,CHUNAR,SBIN0001029
3193,PUNJAB NATIONAL BANK, SAIDULLAPUR,PUNB0279500
3194,UNION BANK OF INDIA,LANKA,UBIN0564931
3195,State Bank of India,SHIV MANDIR,SBIN0006428
3196,State Bank of India, VARANASI,SBIN0017277
3197,State Bank of India,I.M.S BHU,SBIN0010178
3198,State Bank of India,ALLAHABAD,SBIN0002584
3199,KOTAK MAHINDRA BANK LIMITED,VARANASI ,KKBK0005325
3200,Bank of Baroda,SONARPURA,BARB0SONARP
3201,CENTRAL BANK OF INDIA,KALEECHABAD,CBIN0284321
3202,UNION BANK OF INDIA,BIRAPATTI,UBIN0570443
3203,UNION BANK OF INDIA, VARANASI,UBIN0542440
3204,ALLAHABAD BANK,KVP UNIV,IDIB000K619
3205,State Bank of India,SHIVPUR,SBIN0002612
3206,Bank of Baroda,BAIRAWAN,BARB0BAIRWA
3207,INDIAN BANK,UP COLLEGE ,IDIB000U501
3208,State Bank of India,MISHRA BAZAR,SBIN0008977
3209,State Bank of India,JIYANPUR,SBIN0012995
3210,State Bank of India,PADRI,SBIN0011239
3211,PUNJAB NATIONAL BANK,VARANASI,PUNB0027220
3212,Canara Bank,VARANASI ,CNRB0019861
3213,ORIENTAL BANK OF COMMERCE,VARANASI,PUNB0522310
3214,State Bank of India, ALLAHABAD,SBIN0004249
3215,State Bank of India,MARIAHU,SBIN0000226
3216,State Bank of India,T.D COLLEGE,SBIN0010176
3217,Axis Bank, NOIDA,UTIB0001788
3218,State Bank of India,MAGARAHA,SBIN0012730
3219,State Bank of India,SHAKTI NAGAR,SBIN0005767
