S.No.,Department,Scheme Code,Scheme Name,Assistance,Eligibility,Scope,Funding,Contact Point
1,HORTICULTURE,HOR-MIDH,Mission for Integrated Development of Horticulture ,"1) Area expansion / new orchards for mango, guava, aonla, litchi, citrus, banana, papaya, strawberry, dragon fruit, etc. Assistance provided as per MIDH norms (capital cost support for planting material + cultivation costs for 2 years; capped per ha/beneficiary)  2) Rejuvenation / canopy management of old and senile orchards.  3) Vegetable / spice area expansion – hybrid vegetables, onion, garlic, chillies, turmeric, etc.  4) Area expansion under flowers, medicinal & aromatic plants  5) Protected cultivation – polyhouse, shade-net house, low tunnels, mulching, anti-hail/bird nets etc.  6) As per revised MIDH norms: ~50% subsidy of admissible cost for general states; area caps per beneficiary.  7) UP has additionally announced up to 50% subsidy for polyhouse/greenhouse construction leveraging MIDH and AIF.  8) Bee-keeping (apiculture) – supply of bee colonies, boxes, equipment under MIDH/National Bee Board. 9)  Post-harvest & marketing infrastructure – pack houses, pre-cooling units, cold rooms, reefer vans, onion storage, ripening chambers, minimal processing units, etc.  10) HRD & extension – farmer trainings, exposure visits, demonstrations.  11) Mechanization – small tractor, power tillers, etc.  12) Support for additional components such as fencing, support system (मचान), fruit bags, etc.","1) Individual farmers (priority: small & marginal, women, SC/ST, OBC) FPOs/FPCs, SHGs, cooperatives.  2) Farmer groups/Companies (for project-based components like cold storage, pack houses, etc.)  3) Applicant shall possess the title or registered lease of the horticulture land against which scheme benefit has been applied for Minimum and maximum area limits vary across components.   4) Up to 2 ha per beneficiary in case of area expansion / orchards.  5) Area varies across ~2,500–4,000 sq.m per beneficiary, depending on structure, in case of protected cultivation.  6) Cold storages up to a capacity of 5000 MT",CENTRAL,"50% GOI, 50% UPGOV",District Horticulture Officer (DHO)
2,HORTICULTURE,HOR-PDMC,“PER DROP MORE CROP” (PDMC – MICRO IRRIGATION),"1) Capital subsidy for installation of drip/sprinkler systems.   2) In UP, often linked with Khet Talab Yojana – farmers who maintain ponds with micro-irrigation get additional subsidy (~₹52,000).","1) Farmers with cultivable land, priority to SC/ST, women, marginal & small farmers.  2) For linked Khet Talab models in UP:  3)Pond must meet specified dimensions (22×20×3 m).  4)Farmer must already have or commit to install micro-irrigation (tripartite agreement with horticulture in some cases).",CENTRAL,"50% GOI, 50% UPGOV",District Agriculture Officer (DAO)
3,HORTICULTURE,HOR-PVY-UP,Phalpatti Vikas Yojana – Fruit Belt Development Scheme,"1) Financial aid for new fruit plantation and maintenance in notified fruit belt villages.  2) As per official guidelines, state assistance around 40% of total cost (up to ₹1,200/ha).  3) Support for training & exposure visits, plant protection measures, small equipment (sprayers, fruit bags, etc.) and pack-house/ grading units in some districts.",1) Farmers located in notified fruit belt villages/gram panchayats under the scheme.   2) Applicant should have own/leased agricultural land within the notified fruit belt area.  3) Scheme offers maximum benefit for usually up to 4 ha per farmer as per guidelines,STATE,100% UPGOV,District Horticulture Officer (DHO)
4,HORTICULTURE,HOR-HDS-UP,Horticulture Development Scheme (State Sector) for SC/ST Farmers,"Enhanced subsidy rates (compared to general category) ~75% - 90% for cultivation infrastructure for hybrid vegetable, spices, honey and flowers, IPM",1) Only SC/ST Farmers,STATE,100% UPGOV,District Horticulture Officer (DHO)
5,HORTICULTURE,HOR-PUPY-UP,Paan Utpadan Protsahan Yojana – Betelvine Promotion,"1) As per recent district-level communications, for a standard 1,500 sq.m betelvine baroja, subsidy up to ₹75,680 is being provided to eligible farmers (exact amount can vary year to year)                                          2) Support includes:
- structural materials for bareja,
- quality planting material,
- training on disease & moisture management
",1) Farmers in identified paan clusters or districts where betelvine is a traditional crop                         2) Scheme operates on a first come first serve basis,STATE,100% UPGOV,District Horticulture Officer (DHO)
6,FOOD PROCESSING,FP-PM-FME,Pradhan Mantri Formalisation of Micro Food Processing Enterprises ,"35% credit-linked capital subsidy (max ₹10 lakh per unit) for eligible enterprises.
Seed capital to SHG members, common facility centres, branding & marketing support.
Branding & marketing support – 
Support of INR 5 lakh for preparation of DPR
Maximum support of 50% of the proposed turnover of 3 years for the unit
","Applicant must be 18 years of age and at least passed the 8th standard
SHGs / FPOs / Cooperatives can also apply for establishment of new units / expansion of existing units / technical upgradations
Existing micro food-processing unit already in operation either identified in the State Level Upgradation Plan (SLUP) for ODOP, or by a Resource Person (RP) based on field verification.
Preferably supports units processing ODOP product of that district. Existing units with non-ODOP products can also be supported. New units are supported only for ODOP products.
Land cost is not eligible.
Cost of ready-built or leased/rented work shed may be included (lease rent max 3 years).
Eligible project cost = plant & machinery + technical civil works (with ceiling on civil component as per bank/MoFPI instructions).
Seed capital up to ₹40,000 per SHG member engaged in food processing, for working capital and small tools/equipment.
Credit-linked grant @35% of approved project cost (micro food-processing unit or common facility with maximum project cost of 10 lakhs / unit).
",CENTRAL,"50% GOI, 50% UPGOV",District PM-FME Cell
7,FOOD PROCESSING,FP-UPFPIP-UP,Uttar Pradesh Food Processing Industry Policy,"Capital Subsidy
For new food-processing units (FPIs): up to 35% subsidy of incurred expenditure on plant & machinery, technical civil work subject to a maximum of ₹5 crore.
For expansion/modernisation/up-gradation: 25% subsidy, subject to a maximum of ₹1 crore.
Promotion of decentralized processing and storage:
SHGs/FPOs/Framers will be eligible for assistance in this form of grant
Maximum limit of 50% of the total project cost or Rs. 50 lacs.
Land & Land-use Incentives
Permission to purchase agricultural land for FPIs beyond 12.5 acres.
Exemption from fees @2% of the value at circle rate on non-agricultural use declaration for FPIs.
100% exemption from stamp duty on land purchased for establishment of food processing industry
Exemption from fees for exchange of government-owned land coming under project site.
50% waiver in Conversion of Land Use (CLU) fees
Mandi‐Fee / Cess Exemptions
Exemption from mandi fees and cess for agricultural produce procured from other states for processing in UP as well as for agricultural produce directly sold to processing units by farmers in UP
Cold-Chain / Value Addition / Infrastructure Support
Subsidy of 35% for infrastructure related to cold chain & value addition. For frozen storage / deep freezers / value-addition/processing infrastructure, subsidy up to 50% subject to a maximum up to ₹10 crore
For Agro Processing Clusters: minimum 5 food processing units with minimum investment of ₹25 crore → grant of 35% of project cost subject to maximum ₹10 crore.
Interest subsidy on purchase of reefer vehicles / mobile pre-cooling vans, reimbursed for five years to a maximum limit ~₹50 lakh.
Solar Power/Green Energy Incentives
Subsidy for solar power projects for electricity supply to processing units in rural areas: 50% subsidy, for women entrepreneurs in same category subsidy is 90%
Other Incentives
Freight subsidy: 25% on exports (excluding Nepal, Bangladesh and Bhutan).
Support for modern technology adoption to food-processing start-ups in agriculture value-chain development up to ~₹5 crore.
Rebate of 75% on External Development Charges (EDC) for FPI.
","Food Processing Industry (FPI) is defined broadly: enterprises involved in transformation of raw agricultural/horticultural/animal products or further value addition of food items.
Eligible units include: new units, expansion/modernisation/upgrade of existing units; setting up of value-addition, cold-chain, storage facilities, pack-house, etc.
For the subsidy: The unit must be located in UP, registered, meet required standards (plant & machinery, technical civil works) and eligible cost norms.
There may be minimum investment/expenditure thresholds for certain components (e.g., clusters – min investment ₹25 crore) as cited above.
The policy does not restrict only to large units; smaller units in FPI sector are eligible for subsidy proportionally, subject to cost incurred and caps (e.g., ₹5 crore cap for subsidy for new units).
Units must comply with regulatory requirements (land use conversion, environmental clearance, building permits, fire safety, labour regulations, food safety standards).
Beneficiaries must submit applications through the state nodal portal (Invest UP / DOHFP) and abide by the conditions for subsidy disbursement (often after verification, project completion).
",STATE,100% UPGOV,District Industries Centre (DIC)
8,FISHERIES,FISH-PMMSY,Pradhan Mantri Matsya Sampada Yojana,"Production & Productivity Enhancement
New pond/tank construction, pond renovation, inputs (seed, feed, fertiliser).
Reclamation of derelict/underutilised ponds, village tanks, reservoirs.
Intensive/innovative systems: Biofloc units, RAS, cages in reservoirs, pen culture.
Seed and Brood Infrastructure
Hatcheries, seed rearing units, brood banks, nursery ponds.
Post-Harvest & Marketing
Ice plants, cold storages, refrigerated vehicles, insulated boxes, mobile fish vending units, live fish transport vehicles, small-scale processing units, value-addition units.
Fisheries Management & Governance
Reservoir stocking, river ranching, fish sanctuaries, co-management initiatives.
e-governance, MIS, extension, training, Matsya Setu app, etc.","Eligible beneficiaries:
Individual fishers, fish farmers, fish workers, fish vendors
Fisheries Development Corporations, including UP Matsya Vikas Nigam / Matsya Palak Vikas Abhikaran
Self-Help Groups (SHGs), Joint Liability Groups (JLGs) in fisheries
Fisheries co-operative societies, federations, producer companies
Entrepreneurs, private firms, start-ups in fisheries
Fish Farmers Producer Organisations / Companies (FFPO/FFPCs)
Special focus: SC/ST, women, aspirational districts, water-stressed areas
Basic eligibility criteria:
Engaged / willing to engage in fisheries or aquaculture.
Ownership/lease rights over proposed water body or land (revenue/Gaon Sabha lease, department lease, private land, reservoir cage allotment, etc.).
Clean land and revenue records; NOC from land owner/Gram Panchayat where required.
Bank account, Aadhaar, and ability to mobilise beneficiary contribution (if unit is beneficiary-oriented).
For group projects – registration of SHG/co-operative/FPO and resolution authorising project.
",CENTRAL,100% GOI,Assistant Director (Fisheries)
9,FISHERIES,FISH-FIDF,Fisheries and Aquaculture Infrastructure Development Fund,Interest subvention: up to 3% per annum for eligible entities on term loans under FIDF.,"Eligible entities include individual beneficiaries, state governments, state fisheries corporations, co-operatives, FPOs, private companies, NGOs, women entrepreneurs, etc. 
Projects must be infrastructure in nature (not working capital) and economically and technically viable.
Illustrative projects for which FIDF is relevant:
Modern fish markets, wholesale/retail fish hubs
Large cold storage, cold chain and logistics
Reservoir/river landing centres, jetties, harbour improvements (where applicable)
Brood banks / multi-species hatcheries serving multiple districts
",CENTRAL,100% GOI,Assistant Director (Fisheries)
10,FISHERIES,FISH-KCC,Kisan Credit Card (KCC) to Fishers & Fish Farmers,"Lending rate to farmers is ~7% including 1.5% GoI interest subvention; 
additional 3% for prompt repayment → effective 4% interest up to ₹2 lakh
","All existing and new fishers and fish farmers, individual or joint, including SHGs, co-operatives, FPOs, etc., with a valid bank account and proof of fisheries/aquaculture activity. ",CENTRAL,100% GOI,Assistant Director (Fisheries)
11,FISHERIES,FISH-MMMSY-UP,Mukhya Mantri Matsya Sampada Yojana,"First-year input support for seed, feed, lime, fertiliser and basic equipment in Gram Sabha ponds.
Seed bank support includes construction of nursery units, seed holding tanks/cages and initial operating inputs.
The exact financial norms and unit costs are notified annually via departmental Govt Orders (शासनादेश) accessible in “महत्वपूर्ण शासनादेश / वित्तीय स्वीकृतियाँ” on the department site.
","Primary beneficiaries: Gram Sabha pond lease-holders (individual or groups), including women SHGs, co-operatives, and traditional fishing communities.
Key eligibility criteria:
Valid and current lease deed of the Gram Sabha / other public pond in the beneficiary’s name/organisation.
Clean dues – no outstanding arrears of lease rent or previous government loans.
Commitment to follow departmental stocking density, species mix and management norms.
For seed bank projects – adequate technical capacity and space for nursery/seed holding.
",STATE,100% UPGOV,Assistant Director (Fisheries)
12,FISHERIES,FISH-UPMPKKY-UP,Uttar Pradesh Matsya Palak Kalyan Kosh Yojana (Training & Welfare Fund),"(A) Assistance for Natural Calamity Loss (दैवीय आपदा सहायता)
Financial assistance to fish farmer / fisherman families for damage or loss caused by natural calamities (floods, heavy rains, etc.) affecting ponds, nets, boats, gear, or stock.
Objective: Quick livelihood restoration so that families can resume fish culture/fishing without falling into chronic debt. 
(B) Medical Assistance (चिकित्सा सहायता)
Financial support to fish farmers/fishermen and their family members in case of serious illness or accidental injury.
Objective: Reduce health-related financial shocks in highly vulnerable fishing households. 
(C) Training, Exposure Visits and Seminars (प्रशिक्षण / भ्रमण / सेमिनार)
Support for inter-state and intra-state exposure visits, skill development trainings, exhibitions, seminars for fishers and fish farmers.
Includes:
Technical training on modern aquaculture, seed production, feed management, disease control, etc.
Exposure to successful fisheries/aquaculture projects in other states
(D) Fisher Housing with Single Dwelling (मछुआ आवास निर्माण सहायता)
Graded financial assistance for construction of a fisherman’s house with single dwelling as per area and cost norms notified by the State Government.
Objective: Provide dignified housing to eligible fishers in fish-dominated villages.
(E) Community Centre Support (सामुदायिक केंद्र सहायता)
Assistance from the fund for construction or up-gradation of community centres in villages with high fisher populations, to be used for community meetings, training sessions, storage, or small-scale processing/marketing activities.
(F) Infrastructure & Demonstration Centre Renovation (Recent amendment)
Recent orders have allowed the fund to also be used for renovation and redevelopment of departmental “प्रेक्षेत्र” (demonstration fields/centres) and other fisheries infrastructure in fish-dominated villages, beyond earlier village-level development activities. 
(G) Other notified sub-projects
Communication from districts for FY 2025-26 additionally mention:
Moped with Ice Box (mobile fish vending) and
Expanded training and exposure programmes implemented “under the Uttar Pradesh Matsya Palak Kalyan Kosh”.
","Fish farmers and fishermen (मत्स्य पालक / मछुआ) and their families who are:
Engaged in fish business or fisheries activities and
Using fisheries/aquaculture as their primary livelihood for at least one year or more.
Traditional riverine fishing communities, including केवट, मल्लाह, निषाद, बिन्द, धीमर, कश्यप, बाथम, रैकवार, मांझी, गोडिया, कहार, तुरैहा/तुराहा and other similar communities customarily engaged in fishing.
Fishers and fish farmers in “मत्स्य पालक बहुल ग्राम” (villages with high concentration of fishers), particularly to support local infrastructure and community assets
Fulfil specific criteria of the relevant sub-component, as for instance examples have been outlined below:
For calamity loss assistance – proof of loss due to notified calamity and verification by local officers. 
For medical assistance – documentation of illness, hospitalisation, costs, etc.
For training/exposure – being an active fish farmer/fisher nominated by District Fisheries Officer. 
For housing / community centre – availability of land/plot as per norms; location in fish-dominated area; priority to vulnerable groups.
",STATE,100% UPGOV,Assistant Director (Fisheries)
13,FISHERIES,FISH-NBSS-UP,Nishadraj Boat Subsidy Scheme ,"(1) Capital subsidy (percentage and ceiling notified in yearly order) towards cost of fibreglass/other approved boats with outboard motors, safety gear etc. (2)Remaining amount financed through beneficiary contribution and/or bank loan.","(1) Traditional fishing community households (e.g., Nishad community) with:                                  (2) Valid identity and residence proof in the district                                                                            (3) Proof of engagement in fishing (co-operative membership, earlier lease, etc.)                              (4) Priority for BPL, SC/ST, women-headed households, and those already part of fisheries co-operatives/SHGs.",STATE,100% UPGOV,Assistant Director (Fisheries)
14,FISHERIES,FISH-ASSIA-UP,Aeration System Support for Intensive Aquaculture (Women Fish Farmers),"Capital subsidy for purchase and installation of aerators (paddle wheel, blowers, etc.) up to a defined ceiling/unit cost notified annually by Dept.","Women fish farmers, especially Gram Sabha pond pattadars, SHGs and women-led co-operatives. ",STATE,100% UPGOV,Assistant Director (Fisheries)
15,ANIMAL HUSBANDRY,AH-AHIDF,Animal Husbandry Infrastructure Development Fund ,"(1) Interest subvention up to 3% on bank loan for eligible infrastructure projects.                                                                                                                                                  (2) Credit guarantee support through mechanisms like CGTMSE for smaller borrowers.                                                                                                                                              (3) Broad list of eligible activities: milk processing, chilling, value-added products, breed multiplication farms, animal feed plants, etc.","(1) Private companies, FPOs, SHGs, individual entrepreneurs, MSMEs, Section-8 companies engaged in dairy/meat/feed infrastructure.
(2) Project must be financially viable. DPR and bank appraisal is essential for further approval.
(3) Compliance with FSSAI, pollution control, municipal bye-laws etc.",CENTRAL,100% GOI,"Chief Veterinary Officer (CVO), District Lead Bank Manager (LDM) "
16,ANIMAL HUSBANDRY,AH-NLM,National Livestock Mission ,"(1) Capital subsidy / grant for: (2) Poultry, goat, sheep, piggery units; (3) Feed & fodder units, fodder seed production, fodder block units; (4) Breed multiplication farms for sheep/goat/pig/poultry etc. (5) Livestock insurance premium subsidy – premium shared between GoI & State (60:40 in UP) with remaining share from beneficiary, with higher subsidy for SC/ST/BPL. ","(1) Individual farmers, SHG members, FPOs, cooperatives and private entrepreneurs. 
(2) Preference to landless / small & marginal farmers, SC/ST, women groups.
(3) Bankable projects, adherence to unit cost norms and technical parameters in guidelines.",CENTRAL,"60% GOI, 40% UPGOV","Chief Veterinary Officer (CVO), District Lead Bank Manager (LDM) "
17,ANIMAL HUSBANDRY,AH-RGM,Rashtriya Gokul Mission ,"(1) Support to semen stations, bull mother farms, field AI network, IVF labs, sex-sorted semen production & distribution, Gokul Grams, etc.
(2) Gokul Grams, conservation, infrastructure – 100% GoI grant.
(3) IVF pregnancies – subsidy of ₹5,000 per IVF pregnancy to participating farmers (GoI share).
(4) Sex-sorted semen – subsidy up to 50% of cost.
(5) Breed multiplication farms – subsidy up to 50% of capital cost, max ₹2 crore.","(1) Implementing agencies: State AH Dept, State Livestock Dev Boards (e.g., UPLDB), milk federations, ICAR institutes.
(2) Farmers gain indirectly through access to improved AI services, quality semen and heifers; direct subsidies for IVF pregnancies, sex-sorted semen, breed farms.",CENTRAL,100% GOI,Chief Veterinary Officer (CVO)
18,ANIMAL HUSBANDRY,AH-LHDCP,Livestock Health & Disease Policy,"Vaccine cost, logistics, surveillance, strengthening / establishing veterinary hospitals / dispensaries, mobile veterinary vans, compensation for culling in case of outbreaks, etc.","(1) Universal – covers all livestock owners for vaccination.
(2) Priority for organized clusters, dairy villages, and outbreak-prone areas.",CENTRAL,"60% GOI, 40% UPGOV","Chief Veterinary Officer (CVO), District Lead Bank Manager (LDM) "
19,ANIMAL HUSBANDRY,AH-LI,Livestock Insurance (under NLM),"Provide insurance cover against death of cattle/buffaloes and other livestock, stabilising farmer income.",Empanelled insurance companies issue policies. Tagging & photograph of animals mandatory.,CENTRAL,"60% GOI, 40% UPGOV",Chief Veterinary Officer (CVO)
20,ANIMAL HUSBANDRY,AH-ERP,Entrepreneurship for Rural Poultry (Sub-mission under NLM),"(1) 50% capital subsidy on admissible project cost for establishing:
(2) Parent farm + hatchery + brooder-cum-mother unit for rural poultry,
(3) Rural poultry farms (egg/meat), including housing, equipment, brooding, etc.
(4) Maximum subsidy ceiling for poultry units: ₹25 lakh per project.
(5) Remaining 50% project cost to be met by beneficiary contribution / bank loan / other institution finance (e.g., NCDC). 
(6) Model DPRs for poultry are available on the NLM Udyamimitra portal for handholding. ","(1) Eligible entities: Individuals, FPOs, FCOs, SHGs, JLGs, Section-8 companies, cooperatives, etc.
(2) Applicant must be an Indian citizen, with KYC, PAN, bank account.
(3) Minimum unit size: e.g., 1,000 parent layers + 100 males for a parent farm & hatchery unit
(4) Adequate land for poultry sheds and infrastructure; basic financial capacity and acceptable CIBIL score for bank finance.",CENTRAL,"60% GOI, 40% UPGOV","Chief Veterinary Officer (CVO), District Lead Bank Manager (LDM) "
21,ANIMAL HUSBANDRY,AH-ESGF,Entrepreneurship for Sheep & Goat Farming (Small Ruminants) – under NLM,"(1) 50% capital subsidy for sheep & goat breeding farms (breeding units, not just fattening), with minimum                                                                                                     (2) 100 female + 5 male and in multiples of that.
(3) Maximum subsidy ceiling: ₹50 lakh per sheep/goat project.
(4) Infrastructure eligible: sheds, paddocks, feeders, water systems, breeding stock, basic equipment.","(1) Individual farmers, SHG groups, FPOs, Section-8 companies, cooperatives, especially in semi-arid / tribal / marginal zones. Animal Husbandry & Dairying+2myScheme+2
(2) Minimum unit size (100+5) for breeding farms.
(3) Adequate grazing / stall-feeding plan or scope for collaboration with veterinary services and fodder supply.
(4) Contribution of remaining 50% via own funds or bank finance.",CENTRAL,"60% GOI, 40% UPGOV","Chief Veterinary Officer (CVO), District Lead Bank Manager (LDM) "
22,ANIMAL HUSBANDRY,AH-UPPDP-UP,"Uttar Pradesh Poultry Development Policy, 2022","(1) Interest subsidy: 7% interest reimbursement for 5 years on bank loan for commercial layer farms and broiler parent farms.
(2) Project financing: 30% margin money (beneficiary) + 70% bank loan.
(3) Electricity duty exemption: 100% rebate on electricity duty for 10 years on electricity bills of poultry units under the policy.
(4) Stamp duty exemption: 100% exemption on stamp duty on land purchased / leased for establishing units.
(5) Other supports: Training, capacity & entrepreneurship development for selected beneficiaries.","(1) Large and medium-scale poultry entrepreneurs / companies / FPOs / cooperatives setting up commercial layer farms, broiler parent farms, or other large-scale poultry units as notified.
(2) Must comply with environmental, local body & animal welfare norms",STATE,100% UPGOV,District Animal Husbandry Officer 
23,DAIRY DEVELOPMENT,DD-MSGY-UP,Mukhyamantri Svadeshi Gau-Samvardhan Yojana ,"(1) Support for 2-cow unit of specified indigenous breeds.
(2) Project cost: ₹2.00 lakh per 2-cow unit. 
(3) State subsidy:
(4) Up to 40% of project cost, maximum ₹80,000 per unit, as grant. 
(5) Beneficiary contribution / loan: Remaining 60% through own funds / bank loan.","(1) Eligible beneficiaries
(2) Individual dairy farmers / livestock rearers in any district of Uttar Pradesh
(3) Key eligibility criteria
(4) Age ≥18 years. 
(5) Adequate space to keep cattle. 
(6) Already owning not more than 2 indigenous/ crossbred cows (GIR, Sahiwal, Haryana, Tharparkar or F1). 
(7) Cows to be purchased must be 1st or 2nd lactation, with calving not older than 45 days 
(8) 50% of total beneficiaries reserved for women.",STATE,100% UPGOV,Chief Development Officer (CDO)
24,DAIRY DEVELOPMENT,DD-MPPPY-UP,Mukhyamantri Pragatisheel Pashupalak Protsahan Yojana ,"(1) Incentive linked to daily milk yield standards of approved breeds (GIR, Sahiwal, Tharparkar, Haryana, Gangatiri).
(2) ₹10,000 or ₹15,000 per cow is payable once in lifetime per lactation, subject to yield benchmarks. 
(3) Max support for 2 cows per farmer for selected lactations.","(1) Individual progressive farmers in all districts of UP. 
(2) Age ≥18 years.
(3) Only individuals allowed – no groups / firms / organisations. 
(4) Cows must be of specified indigenous breeds and meet departmental milk yield criteria for 1st / 2nd / 3rd lactation.",STATE,100% UPGOV,Chief Development Officer (CDO)
25,DAIRY DEVELOPMENT,DD-NKSY-UP,Nandini Krishak Samriddhi Yojana ,"(1) Coverage: Initially in division-headquarter districts (18 districts indicated; early phase had 10). 
(2) Unit size: 25 cows (Sahiwal, Gir, Tharparkar, plus up to 5 Gangatiri).
(3) Project cost: Around ₹62.50 lakh per unit (₹61.00 lakh with 5 Gangatiri).
(4) Subsidy: 50% of project cost as subsidy (up to ₹31.25 lakh / ₹30.50 lakh)
(5) Financing structure:
(6) Beneficiary contribution 15%,
(7) Bank loan 35%,
(8) State subsidy 50%
(9) Subsidy release in three phases: 
(10) 25% of unit cost after infrastructure completion (shed, fodder store, etc.).
(11) 12.5% after purchase of cows.
(12) 12.5% after birth of minimum 10 calves in the unit (sustainability checkpoint).","(1) At least 3 years’ experience in cow or buffalo rearing certified by CVO.
(2) Land requirement:
(3) 0.5 acre for infrastructure,
(4) 1.5 acre for fodder production (can be own / ancestral / partnership / 7-year registered lease)
(5) Land must be free from water-logging.
(6) Beneficiaries of earlier Kamdhenu / Mini / Micro Kamdhenu schemes are not eligible.
(7) Purchase of cows preferably from breeding tracts outside UP. Animals must be 1st or 2nd lactation, with recent calving. 
(8) Ear-tagging & insurance of animals is mandatory.",STATE,100% UPGOV,Chief Development Officer (CDO)
26,DAIRY DEVELOPMENT,DD-MNKSY-UP,Mini Nandini Krishak Samriddhi Yojana,"(1) Coverage: Scheme applicable in all districts of UP. 
(2) Unit size: 10 cows (Sahiwal, Gir, Tharparkar breeds)
(3) Project cost: ₹23.60 lakh per unit.
(4) Subsidy:
(5) 50% of project cost, max ₹11.80 lakh per 10-cow unit, released in 2 instalments.
(6) Financing structure:
(7) Beneficiary contribution 15%,
(8) Bank loan 35%,
(9) State subsidy 50%.
(10) Subsidy instalments:
(11) 25% of unit cost after infrastructure completion.
(12) 25% after purchase of cows.","(1) Resident of UP (age ≥18 years) 
(2) Experience: At least 3 years’ experience in cow/buffalo rearing, certified by CVO. 
(3) Land requirement:
(4) 0.20 acre for infrastructure,
(5) 0.80 acre for fodder production – own / ancestral / partnership / registered 7-year lease 
(6) land must be free from waterlogging
(7) Exclusions: Previous beneficiaries of Kamdhenu, Mini/Micro Kamdhenu, Nandini Krishak Samriddhi, MSGY are not eligible.",STATE,100% UPGOV,Chief Development Officer (CDO)
27,DAIRY DEVELOPMENT,DD-UPDDMPPP-UP,Uttar Pradesh Dairy Development & Milk Products Promotion Policy – 2022 (with 2025 amendments),"(1) Encourage establishment and expansion of milk processing units, value-added milk product units, cattle feed and nutritional product plants, cold chain and logistics infrastructure.
(2) Capital investment subsidy (pre-2025)
(3) Subsidy up to 10% of capital cost (capex on plant, machinery, tech civil works) up to a cap of ₹5 crore
(4) Interest subvention
(5) Interest subvention offered on term loans as per policy guidelines (percentage & duration defined in the policy and subsequent GOs) for the following interventions:
(6) Establishment of new milk processing & milk product manufacturing units.
(7)Establishment of new cattle feed & nutritional product manufacturing units.
(8) Technological upgradation inside existing dairy plants.
(9) New technologies outside plant (e.g., automated collection, ICT, etc.).
(10) Cold chain installation (BMCs, reefer vans, cold rooms).
(11) Expansion of existing milk processing / milk product units (≥25% capacity increase).
(12) Expansion of cattle feed / nutritional units.
(13) Value-added milk product units (cheese, ice-cream, etc.).
(14) 2025 Cabinet amendments: Grants increased up to 35% for creation / modernisation of dairy units and fodder manufacturing units, with caps:
(15) Up to ₹5 crore for new setups,
(16) Up to ₹2.5 crore for modernisation.","(1) Eligible entities: FPOs, Milk Producer Companies, cooperative dairies, Government institutions, private entrepreneurs, companies, etc.
(2) The applicant must:
(3) Be registered business entity with PAN, GST, Udyog Aadhaar / Udyam.
(4) Have bank-appraised DPR and sanctioned term loan (for interest subvention).
(5) Ensure minimum capacity, employment & investment thresholds as per policy. ",STATE,100% UPGOV,"Chief Development Officer (CDO), Deputy Dairy Development Officer"
28,RURAL DEVELOPMENT,RD-MGNREGS,Mahatma Gandhi National Rural Employment Guarantee Scheme ,"(1) Primary objective – livelihood security
(2) Provide at least 100 days of guaranteed wage employment in a financial year to every rural household whose adult members volunteer to do unskilled manual work.
(3) Secondary objectives – asset creation & natural resource management
(4) Create durable assets linked to water conservation, drought proofing, irrigation, land development, rural connectivity, Anganwadi buildings, cattle-sheds, etc. 
(5) Enhance land and water productivity and support agriculture & allied activities. 
(6) Social protection & inclusion
(7) Provide a fall-back safety net for the poorest, women, SC/ST, landless labourers, migrants returning to villages, and other vulnerable groups.","(1) Eligible unit:
(2) Any rural household willing to do unskilled manual work. 
(3) Basic eligibility conditions
(4) At least one adult (18 years or above) in the household.
(5) Household is resident of a rural area and belongs to the Gram Panchayat where the job card is demanded.
(6) Willingness to do unskilled manual work.
(7) Registration with Gram Panchayat and issue of Job Card is mandatory.
(8) Priority / vulnerable groups
(9) SC / ST households, women-headed households, disabled persons.
(10) Landless labour, marginal farmers, migrant returnees.
(11) Special focus blocks (e.g., Mission Water Conservation, drought-prone, tribal areas).",CENTRAL,"90% GOI, 10% UPGOV","District Programme Coordinator (DPC – MGNREGA), District Magistrate (DM), Chief Development Officer (CDO)"
29,RURAL DEVELOPMENT,RD-PMAY-G,Pradhan Mantri Awaas Yojana – Gramin ,"(1) House construction assistance:
(2) ₹ 1.20 lakh per house in plains (UP), shared 60:40 between Centre–State. 
(3) Convergence benefits:
(4) Toilets – convergence with Swachh Bharat Mission–Gramin (SBM-G). 
(5) MGNREGS wages for unskilled labour during house construction. 
(6) Electricity connections (Saubhagya / State DISCOM schemes).
(7) LPG connections under PM Ujjwala Yojana.
(8) Drinking water under Jal Jeevan Mission. ","(1) Eligible unit: rural household identified in SECC-2011 database and included in Permanent Wait List, verified by Gram Sabha and approved at higher levels.
(2) Vulnerability criteria used for prioritisation:
(3) Homeless or living in 0/1/2 room kuccha house.
(4) No adult member between 16–59 yrs.
(5) No adult literate member (>25 yrs).
(6) Female-headed households, SC/ST, minority households.
(7) Household with disabled member and no able-bodied adult.
(8) Landless households deriving income from casual labour.",CENTRAL,"60% GOI, 40% UPGOV","District Programme Coordinator (Rural Housing/PMAY-G), Project Director, DRDA / PD, Rural Development Agency, Block Development Officer (BDO)"
30,RURAL DEVELOPMENT,RD-DAY-NRLM,Deendayal Antyodaya Yojana – National Rural Livelihoods Mission (DAY-NRLM) / UPSRLM,"(1) Overall mission goal: Reduce rural poverty by enabling poor households to access gainful self-employment and skilled wage employment, resulting in sustainable and diversified livelihoods. 
(2) Institution-building of the poor: Organise poor (especially rural women) into Self-Help Groups (SHGs), Village Organisations (VOs), and Cluster Level Federations (CLFs) as strong community institutions. 
(3) Financial inclusion & livelihood promotion: Ensure access to credit, insurance, remittances, pensions, and promote farm, allied and non-farm enterprises (micro-enterprises, producer groups, FPOs etc.). 
(4) Convergence & entitlements: Enable SHGs/CLFs to access schemes like MGNREGS, PMAY-G, pensions, PDS, PM Ujjwala, PM-Kisan, PMFME etc. through community-led facilitation. ","(1) Primary target group: Rural poor households, identified through participatory identification of poor (PIP), SECC data and local processes. Women from these households are mobilised into SHGs. 
(2) Inclusion priorities: SC/ST, minorities, persons with disabilities, single women, landless labour, small & marginal farmers and other vulnerable categories. 
(3) Group-based eligibility: SHGs are typically 10–15 women (or 5–20 in special cases); eligibility for revolving fund, community investment fund, interest subvention is linked to group grading, regular savings, meetings, and internal lending practices. ",CENTRAL,"60% GOI, 40% UPGOV","Mission Director, UPSRLM, Chief Development Officer (CDO), District Mission Unit (DMU), Block Mission Management Units (BMMUs)"
31,RURAL DEVELOPMENT,RD-MAY-G-UP,Mukhyamantri Awas Yojana (Gramin),"(1) Provide pucca houses to rural houseless families who are not covered under PMAY-G or who have lost homes due to disasters or extreme economic vulnerability.
(2) Focus particularly on SC/ST, tribal, extremely poor and disaster-affected households in rural areas of UP. ","(1) Beneficiaries: houseless rural citizens of Uttar Pradesh identified by district administration and Gram Sabha. 
(2) Eligibility criteria:
(3) Resident of rural UP.
(4) EWS/BPL or extremely poor family.
(5) Houseless or living in kutcha, dilapidated house; or affected by natural disasters (flood, fire etc.).
(6) Priority for SC/ST, tribal and vulnerable families identified by DC/SDM/BDO & Gram Sabha.",STATE,100% UPGOV,"Nodal Department, District Nodal Officer"
32,RURAL DEVELOPMENT,RD-MSGVY-UP,"Mukhyamantri Samagra Gram Vikas Yojana, Uttar Pradesh","(1) Saturation of 24+ schemes in selected villages: Coordinated implementation of around two dozen State and Central flagship schemes (roads, housing, sanitation, drinking water, health, education, livelihoods) to ensure holistic development of selected “Samagra” villages.
(2) Infrastructure grants for gap filling: State funds provide flexible grants to fill critical infrastructure gaps not fully covered under routine departmental schemes (e.g., internal village roads, drains, community buildings, cremation grounds).
(3) Special focus on border / tribal / martyr villages: Additional support for border villages, tribal-dominated habitations and “Shaheed Gram” (villages of martyrs), including memorial gates/statues and basic facility upgradation.
(4) Convergence-based funding: Encourages pooling of departmental budgets + MLA funds for integrated development of the same village rather than scattered works.","(1) Beneficiaries: all citizens residing in notified Samagra Gram villages selected by the State Government.
(2) Village selection criteria:
(3) Border villages.
(4) Tribal/marginalised community dominated.
(5) Low availability of basic infrastructure and services.",STATE,100% UPGOV,"Chief Development Officer (CDO), Block Development Officer (BDO)"
33,RURAL DEVELOPMENT,RD-ASES-UP,Ambedkar Special Employment Scheme / Baba Saheb Ambedkar Rozgar Protsahan Yojana,"(1) Capital subsidy for self-employment projects
(2) SC/ST/disabled beneficiaries: Subsidy of 35% of project cost, up to ₹70,000.
(3) Other eligible beneficiaries: Subsidy of 25% of project cost, up to ₹50,000.
(4) Credit linkage with banks: Balance project cost financed through bank loan, with the scheme providing grant/subsidy component, thereby improving credit-worthiness of poor entrepreneurs.
(5) Wide range of eligible economic activities: Assistance can be used for small shops, service enterprises, agro-processing, livestock-related ventures, crafts and trades, as approved by district-level committee and lending bank.
(6) Supportive reservation for vulnerable sections: Explicit reservation of assistance for SC/ST and disabled persons, ensuring that the most disadvantaged get priority in employment-oriented subsidies.","(1) Resident of Uttar Pradesh.
(2) Household annual income ≤ ₹2 lakh from all sources.
(3) Age 18–65 years.
(4) Preference for SC/ST, disabled persons; detailed norms notified in scheme GOs.",STATE,100% UPGOV,"Chief Development Officer (CDO), Block Development Officer (BDO)"
34,RAJYA KRISHI UTPADAN MANDI PARISHAD,RKUMP-MKUY-UP,Mukhyamantri Krishak Upahar Yojana,"(1) Farmers get a gift coupon for every ₹5,000 worth of notified crops sold.
(2) Price like mixer grinder, power sprayer, tv, pumping set etc are drawn in quarterly draws. 
(3) Bumper Draws for big rewards are drawn twice-a-year.
(4) Prizes are purchased as per the defined guidelines and distributed only after checking the farmer's ID and address. All winners are listed permanently in records. ","(1) UP residents farming their own land or legally leased land, selling self-grown crops at Market yards/ Market area/ Government purchasing centres.
(2) Must show proof like Kisan Bahi (farmer book) or other records to confirm you're a real farmer.
(3) Sell at least ₹5,000 of specified crops at ONE Market yard/area per quarter OR per half-year.
(4) Excludes: Non-farmers, those without docs, sales below limit, or outside approved areas.",STATE,100% UPGOV,"Mandi Samiti office/Secretary, Divisional Deputy Director "
35,RAJYA KRISHI UTPADAN MANDI PARISHAD,RKUMP-MKCY-UP,Mukhyamantri Krishak Chhatravritti Yojana,"(1) Scholarships are fixed slots per college with ₹3,000 per month / student.
(2) Agriculture Universities/Institutes ('A' category): 25 UG agriculture, 6 UG home science, 10 PG agriculture, 4 PG home science.
(3) Agriculture Colleges: 10 UG agriculture, 5 PG agriculture.
(4) Prizes cover studies in related fields; paid after selection and sent from Mandi Parishad HQ.","(1) Must be a residence of Uttar Pradesh.
(2) Son/daughter (or fully dependent) of a farmer (land in their name on application date per land records) or farm laborer.
(3) Merit-based: For UG, min 70% in UP Board Intermediate or 85% in other boards; for PG, min 70% in bachelor's.
(4) Excludes: Non-UP residents, non-farmer families, low marks, or those failing exams.",STATE,100% UPGOV,"Principal of agriculture college, Divisional Deputy Director "
36,RAJYA KRISHI UTPADAN MANDI PARISHAD,RKUMP-MKDSY-UP,Mukhyamantri Krishak Durghatna Sahayata Yojana,"Cash amounts based on injury:
(1) Death: ₹3,00,000 (50% immediate cheque ₹1.50 lakh + 50% 3-year bank FD).
(2) Both legs/arms/eyes or any two: ₹75,000.
(3) One leg/arm/eye: ₹40,000.
(4) Four fingers one hand: ₹30,000; three fingers: ₹25,000; thumb: ₹20,000; two fingers: ₹15,000; one finger: ₹5,000.
(5) Paid by cheque/bank draft after verification.","(1) UP residents (or outsiders living 2+ years, verified by Tehsildar) aged 18-70.
(2) Farmers, farm labourers, weighman, mandi licensee or mandi porters doing ONLY farm work (not contractors/business owners).
(3) Accident in UP during farm tasks like tools/pesticides, tractor threshing, well digging, animal attacks/snake bites.
(4) Excludes: Self-harm, suicide, drunk accidents, riots/wars/floods, natural death, criminals.",STATE,100% UPGOV,"Mandi Samiti office/Secretary, Divisional Deputy Director "
37,RAJYA KRISHI UTPADAN MANDI PARISHAD,RKUMP-MKKADSY-UP,Mukhyamantri Khet-Khalian Agnikand Durghatna Sahayata Yojana,"Cash based on damaged area (max or actual loss, whichever lower):
(1) Up to 1 hectare (2.5 acres): ₹30,000 max.
(2) 1-2 hectares (2.5-5 acres): ₹40,000 max.
(3) Over 2 hectares (5 acres): ₹50,000 max.
For group fires over ₹2 lakh total, District Magistrate decides. Paid by cheque after verification.","(1) UP farmers with crops in notified mandi areas.
(2) Actual owner of stored crops (disputes settled by Mandi Secretary or court).
(3) Damage from external fire/lightning during farming—not riots, orders, or intentional burning.
(4) Excludes: Non-owners, disputed cases pending court, non-accidental fires.",STATE,100% UPGOV,"Mandi Samiti office/Secretary, Divisional Deputy Director "
38,RAJYA KRISHI UTPADAN MANDI PARISHAD,RKUMP-MKUMSV-UP,Mukhyamantri Krishi Utpadan Mandi Samiti Vyapari evam Arhati Durghatna Sahayata Yojana,"(1) Fixed ₹3,00,000 to legal heirs of deceased.
(2) Payment: 50% (₹1.5 lakh) immediate by crossed cheque/bank draft + 50% (₹1.5 lakh) as 3-year bank FD. No other injuries covered except for death.","(1) Licensed trader/arhati from UP notified mandi/sub-mandi.
(2) Death from external violent accident (e.g., vehicle crush, animal/snake bite) DURING crop trading inside mandi premises.
(3) UP resident; heirs apply with proofs.
(4) Excludes: Self-harm, suicide, drunk/riots/war/floods/natural death, violence/crime.",STATE,100% UPGOV,"Mandi Samiti office/Secretary, Divisional Deputy Director "
39,RAJYA KRISHI UTPADAN MANDI PARISHAD,RKUMP-USADSY-UP,Mukhyamantri Mandi Sthal/Upmandi Sthal Agnikand Durghatna Sahayata Yojana,"Actual loss or ₹2,00,000 max (whichever lower) per trader/arhati. Paid by crossed cheque/bank draft after damage assessment. Group fires handled by committee.","(1) Licensed traders/arhatis with Mandi Samiti-allotted shop/space in mandi/sub-mandi.
(2) Fire from external visible causes/lightning during operations.
(3) UP notified mandi areas only.
(4) Excludes: Non-licensed, disputed allotments (court decides), intentional/riot fires.",STATE,100% UPGOV,Mandi Samiti office/Secretary
40,NATIONAL BANK FOR AGRICULTURE AND RURAL DEVELOPMENT ,NABARD-MIF,Micro Irrigation Fund (MIF) with NABARD,"Facilitate States to mobilise additional resources (soft loans from NABARD) to: 
(1) Expand micro-irrigation coverage beyond PDMC budget.
(2) Take up special/innovative projects (cluster-based drip/sprinkler, solar-pumped systems).
(3) Improve water use efficiency and support “Per Drop More Crop” outcomes.","(1) Primary beneficiaries: Farmers adopting drip/sprinkler systems, FPOs, cooperatives, clusters, and command areas.
(2) State Govt (UP) borrows from NABARD under MIF, then routes support to farmers through PDMC or state schemes (e.g., higher subsidy percentage, cluster projects).",CENTRAL,"GOI, UPGOV","District Horticulture Officer, District Development Manager (DDM)"
41,NATIONAL BANK FOR AGRICULTURE AND RURAL DEVELOPMENT ,NABARD-WDF,Watershed Development Fund,"Promote participatory watershed development to:
(1) Restore degraded lands, increase soil & water conservation.
(2) Enhance agricultural productivity and livelihood security in rain-fed & drought-prone areas.
(3) Demonstrate scalable models for convergence with MGNREGS, PMKSY, RKVY etc. ","Priority: rain-fed blocks, tribal and backward areas; small & marginal farmers, landless (through NRM-linked wage and livelihood activities). ",CENTRAL,"GOI, UPGOV",District Development Manager (DDM)
42,NATIONAL BANK FOR AGRICULTURE AND RURAL DEVELOPMENT ,NABARD-TDF,Tribal Development Fund (TDF / TRIBES),"(1) 100% grant support for project implementation, capacity building, natural resource management structures, and institutional development.
(2) Beneficiary contribution is mandated (cash/in-kind/labour) to create village corpus funds to ensure long-term sustainability.
(3) NABARD releases funds in phases (typically over 6–7 years) based on progress.
(4) Horticulture Wadi plantation package on 0.5–2 acres per tribal family (mango, cashew, guava, aonla, lemon etc.)
(5) Agri-based livelihood support: intercrops, vegetables, millets, small livestock.
(6) Soil and Water Conservation (SWC): contour trenches, bunds, check dams, pit digging, land levelling.
(7) Irrigation assets: farm ponds, lift irrigation, micro-irrigation, community wells.
(8) Plant protection & input support: fertiliser, manure, saplings, fencing.
(9) Institution building: formation and strengthening of Tribal Producer Groups, SHGs, village committees.
(10) Skill development: training in horticulture, plant protection, nursery raising, NTFP management.
(11) Market linkage: aggregation support, tie-up with mandis, local processors, branding.
(12) Financial literacy & credit linkage with banks.
(13) Migration reduction strategy, improved nutrition and women’s participation.","Tribal households in:
(1) Scheduled Tribe areas notified by the State,
(2) Districts/blocks with clustered tribal populations,
(3) Economically vulnerable families with 1–2 acres of cultivable land.
Eligible implementing agencies:
(1) NGOs with established field presence in tribal regions.
(2) State Tribal Development Department / Tribal welfare societies.
(3) Producer Organisations / Cooperatives with tribal membership.
(4) Institutions with demonstrated capacity in watershed / horticulture / rural livelihoods.",CENTRAL,"GOI, UPGOV",District Development Manager (DDM)
43,NATIONAL BANK FOR AGRICULTURE AND RURAL DEVELOPMENT ,NABARD-FSPF,FARM SECTOR PROMOTION FUND ,"(1) 100% grant assistance from NABARD for pilot projects, demonstrations, capacity building, and institutional development.
(2) Funding is project-based and time-bound (generally 1–3 years).
(3) Assistance per project: ₹10 lakhs – ₹50 lakhs (varies by scope, innovation content, number of beneficiaries, and region).
(4) Type of project covered under FSPF: 
(5) Demonstration units (IFS, natural farming, organic farming), supply of critical inputs for demo purposes, small tools for training (e.g., pruning tools, soil test kits), niche interventions such as beekeeping / mushroom / vermicompost, pilot processing / value-addition facilities (micro-scale)
(6) Farmer training modules, extension and advisory services, market linkage facilitation, capacity building for FPO governance, developing value chains and business plans, strengthening community institutions (FIGs, PGs), and behaviour change communication (climate-smart practices)
(7) Pilot interventions in natural farming, organic farming, climate-smart farming, high-value horticulture, livestock, fisheries, NTFP, value chain interventions.
(8) Type of projects excluded under FSPF:
(9) Large infrastructure creation (beyond pilot/demo scale)
(10) Recurring administrative expenses of implementing agencies
(11) Individual subsidies or input distribution without a training component
(12) Loans or credit guarantee","Eligible beneficiaries:
Small and marginal farmers, tenant farmers/sharecroppers (through Producer Groups/FPOs), women farmers and SHG members, tribal and vulnerable groups in farm sector, farmer field schools, FIGs, PGs, producer collectives, and farmers in climate-vulnerable districts
Eligible implementing agencies:
(1) NGOs with proven experience in agriculture/livelihoods
(2) Farmer Producer Organisations (FPOs) / Producer Companies
(3) Cooperatives / Farmer Collectives
(4) Research institutes, KVKs, agricultural universities
(5) State line departments (Agriculture, Horticulture, Animal Husbandry, etc.)",CENTRAL,"GOI, UPGOV","District Development Manager (DDM), UPSRLM DMMU"
44,NATIONAL BANK FOR AGRICULTURE AND RURAL DEVELOPMENT ,NABARD-PODF,Producers Organisation Development Fund (PODF),"(1) For new/young FPOs: ₹10–25 lakh (grant + BDS + training),
(a) Mobilisation & Institution Building is supported through a grant of ₹1–3 lakh, which is used for awareness creation, member mobilisation, legal registration, framing of bye-laws, and conducting share capital drives.
(b) Capacity Building of Members receives a grant of ₹2–5 lakh to support training of the Board of Directors, record-keeping practices, governance strengthening, exposure visits, and Annual General Meeting (AGM) support.
(c) Business Development Services (BDS) are provided through a grant of ₹3–8 lakh for activities such as preparation of business plans, branding and packaging design, obtaining certifications like FSSAI or organic certification, and establishing marketing tie-ups.
(d) Digital & MIS Systems are assisted with a grant of ₹1–2 lakh, which is utilized for purchasing computers, implementing accounting software such as Tally or ERP, and tools for GST compliance.
(e) Working Capital Support (Revolving Fund) is provided as a loan or grant (project-based) ranging from ₹5–20 lakh, mainly for aggregation, procurement, processing, and marketing activities, and is often the largest component of support.
(f) Primary Processing Infrastructure is supported through a loan along with small grant assistance amounting to ₹10–25 lakh, covering facilities such as cleaning, sorting, grading units, mini dal mills, oil expellers, packhouses, and ripening chambers.
(g) Storage & Logistics Support is provided as a loan of ₹5–15 lakh for infrastructure such as godowns, low-cost cold rooms, and small transport vehicles like tempos or pick-ups.
(h) Market Linkage & Branding Activities are funded through a grant of ₹2–6 lakh, which supports label design, packaging, participation in trade fairs, onboarding on e-commerce platforms, and Information, Education, and Communication (IEC) activities.
(i) Project Management & Monitoring receives a grant of ₹0.5–2 lakh for IEC activities, documentation, reporting, third-party audits, and overall evaluation.

(2) For established FPOs: ₹25–50 lakh (infra + working capital + digital systems),
(a) Infrastructure is supported under PODF with a grant ranging from ₹10–25 lakhs.
(b) Working Capital assistance is provided in the form of a loan amounting to ₹5–20 lakhs.
(c) Digital Systems are supported through a grant of ₹1–3 lakhs.

(3) Infrastructure Support,
(a) Mini Packhouse (sorting, grading table, and packing facilities) is eligible for an approved PODF amount of ₹5–10 lakhs.
(b) Cleaning & Grading Unit is supported with an approved PODF amount ranging from ₹5–8 lakhs.
(c) Mini Dal Mill / Flour Mill is eligible for financial assistance of ₹8–15 lakhs under PODF.
(d) Oil Expeller (small scale) can be supported with an approved PODF amount of ₹10–18 lakhs.
(e) Spice Grinding Unit is eligible for assistance ranging from ₹8–12 lakhs.
(f) Vegetable Collection Center can receive an approved PODF amount of ₹5–8 lakhs.
(g) Small Godown (capacity of 100–300 MT) is eligible for financial assistance of ₹6–12 lakhs.
(h) Low-Cost Cold Storage (pre-cooler or walk-in cold room) can be supported with an approved PODF amount of ₹12–20 lakhs.
(i) Transport Vehicle (Pickup/Tempo) is eligible for assistance ranging from ₹4–8 lakhs.
(j) Weighing Machine and Moisture Meter Set is eligible for an approved PODF amount of ₹0.5–1 lakh.

(4) Working Capital Support,
(a) Seasonal procurement of grains, pulses, and oilseeds is eligible for an approved amount ranging from ₹5–15 lakhs.
(b) Vegetable aggregation (weekly rotation) can be supported with an approved amount of ₹3–10 lakhs.
(c) Input business (fertiliser and seeds) is eligible for financial support of ₹5–8 lakhs.
(d) Raw material rotation for small processing units can receive an approved amount ranging from ₹10–20 lakhs.

(5) Digital & MIS Support,
(a) Computer, Printer, and UPS are eligible for an approved amount ranging from ₹0.6–1.2 lakhs.
(b) Tally ERP or similar accounting software can be supported with an approved amount of ₹20,000–50,000.
(c) FPO MIS / Inventory Management Application is eligible for financial assistance ranging from ₹30,000–1 lakh.
(d) Digital Weighing and Billing System (ePoS) can receive an approved amount of ₹50,000–1.5 lakhs.
(e) Website development with e-commerce integration is eligible for an approved amount ranging from ₹20,000–80,000.","(1) Eligible Producer Organisations:
(a) Farmer Producer Companies (under Companies Act)
(b) Cooperative Societies (including PACS with diversified operations)
(c) Mutually Aided Cooperative Societies (MACS)
(d) Federations of SHGs / Producer Groups
(e) Women-led and tribal-led FPOs
(f) Commodity-specific POs (dairy, fisheries, NTFP, vegetables, grains, pulses, spices)
(2) Eligible implementing agencies:
(3) PODF support may be routed through:
(a) NGOs/Professional agencies promoting FPOs
(b) Government departments
(c) CBO federations under NRLM
(d) FPO promoting agencies (FPO-PAs/CBBOs)",CENTRAL,"GOI, UPGOV","District Development Manager (DDM), UPSRLM DMMU"
45,COOPERATIVES,COOP-DS-NCDC,Dairy Sahakar (NCDC – Dairy Cooperatives),"(1) The scheme supports through term loans and subsidies to dairy cooperatives:
(a) Term loan up to 90% – 95% of the project cost
(b) Societies share 5% – 35% 
(c) Subsidies & subventions provided through convergence with relevant government schemes
(2) Dairy Sahakar supports end-to-end dairy infrastructure and systems through NCDC financing:
(a) Production & milk collection level
(b) Support for village-level milk collection centres, bulk milk coolers (BMCs), milk cans, weighing and quality-testing equipment (lactometers, analysers, chilling equipment).
(c) Assistance for milk route expansion – vehicles and logistics to collect milk from more villages, including remote pockets.
(d) Processing and value addition
(e) Modernisation and expansion of existing plants.
(f) Cattle feed plants, logistics (milk tankers, insulated vehicles).
(g) Quality testing labs, ICT and traceability systems.
(h) Branding, marketing & export readiness
(i) Assistance for packaging, branding, labelling and marketing campaigns, including brand creation for district / state federations.
(j) Cold-chain and distribution network: insulated vans, deep freezers, display coolers for retail points.
(k) Support to meet export standards, traceability, and certifications (FSSAI, ISO, HACCP) to access higher-value markets.
(l) Institutional strengthening and ESG components
(m) Support to introduce digital milk recording, farmer payment systems, ERP, and real-time quality tracking, reducing leakages and disputes.
(n) Emphasis on women participation, climate-resilient technologies (e.g., solar-powered chilling), and good governance.
(o) Scope for training and capacity building of board members, managers and technical staff via NCDC / NCCT.","(1) State Dairy Federations, District Dairy Unions, dairy cooperatives, multipurpose cooperatives with dairy by-laws. 
(2) Must have a viable dairy plan, adequate milk shed, governance and compliance with FSSAI & environmental norms. ",CENTRAL,100% GOI,"General Manager / CEO, District Milk Union (cooperative)"
46,COOPERATIVES,COOP-SDCFPO,Supporting Dairy Cooperatives & FPOs (SDCFPO),"(1) Soft working capital loans
(a) NDDB extends working capital loans to cooperatives / FPOs at concessional interest, with an interest subvention (e.g., 2%) supported by GoI under the scheme. 
(b) This is designed to help cooperatives manage cash flow during flush seasons when milk supply is high, but market prices may be low, and inventories build up.
(2) Ensuring timely farmer payment
(a) By improving liquidity, SDCFPO enables cooperatives to pay milk producers on time, even when the market is depressed.
(b) This stabilises producer confidence and prevents distress sale to private buyers at low prices.
(3) Buffer against market shocks
(a) Cooperatives can hold inventory (e.g., SMP, butter) longer and time their sales better, instead of desperate liquidation.
(b) Helps maintain consumer price stability and continuous supply of dairy products.
(4) Institutional support
(a) NDDB provides guidance on financial discipline, inventory management and market strategy, strengthening cooperative management capacities.","(1) State Dairy Cooperatives, District Unions, Dairy FPOs which:
(a) Procure milk from producers / SHGs / FPOs,
(b) Have a sound governance and audit
(c) Has agreement with NDDB for working capital support.",CENTRAL,100% GOI,"General Manager / CEO, District Milk Union (cooperative)"
47,COOPERATIVES,COOP-CPP,Computerisation of PACS Project (Ministry of Cooperation),"100% assistance for hardware, software, networking and training under the project (loan/subsidy mix at back-end via NCDC / NABARD/GoI)",All functional PACS / PACS-like societies (including some LAMPS / multi-purpose coops),CENTRAL,100% GOI,"General Manager / CEO, District Milk Union (cooperative)"
48,COOPERATIVES,COOP-SSSY-UP,Sahkar se Samriddhi Yojna,"(1) State budget allocations for:
(a) New PACS / MPACS infrastructure.
(b) Support for cooperative grain storage, fertiliser / seed outlets.
(c) Seed capital / share capital support for new cooperatives.
(2) Access to GoI schemes via cooperatives (PACS computerisation, PACS-CSC, Jan Aushadhi, LPG distributorship etc.)
(3) Capacity building, cooperative education and awareness, digital platforms for membership and service delivery.","(1) Existing and new PACS, multipurpose cooperatives, dairy and fisheries cooperatives, commodity cooperatives.
(2) Farmer members who enrol / take membership under membership drives (e.g., M-PACS Membership Mahabhiyan).",STATE,100% UPGOV,District Cooperative Officer / ARCS
49,COOPERATIVES,COOP-PACS-UP,Strengthening and Repair of Godowns of Primary Agricultural Credit Societies,"(1) Financial support is provided for civil repair and structural strengthening works, including:
(a) Structural strengthening of: Roof slabs, beams, columns and load-bearing elements
(b) Repair of: Cracks, damaged walls, flooring and plaster
(c) Leakage and dampness control: Waterproofing, drainage correction, rainwater protection
(d) Functional improvements: Doors, shutters, ventilation, safety grills
(e) Minor allied works necessary to restore the godown to safe, usable condition","(1) Primary Agricultural Credit Societies (PACS / B-PACS) having existing godown infrastructure with the eligibility conditions as outlined: 
(a) The godown must be owned or officially controlled by the PACS. It must also be structurally assessed as requiring repair or strengthening.
(b) PACS must have updated audit and statutory records and must prepare a formal resolution/proposal for repair work.
(c) Final selection is subject to District Level Committee approval, technical feasibility and priority norms.",STATE,100% UPGOV,Chief Development Officer (CDO) 
50,COOPERATIVES,COOP-B-PACS-UP,Installation of Solar Rooftop Plants on Government / Semi-Government / B-PACS Buildings,"(1) Design, supply, installation and commissioning of Grid-connected rooftop solar PV systems
(2) Electrical integration of Net-metering, safety systems, grid synchronization
(3) Equipment and works as per UPNEDA benchmark rates, government procurement norms (GeM / approved procedures)","(1) Eligible buildings: 
(a) Government and Semi-Government buildings
(b) B-PACS (Multi-Purpose PACS) buildings",STATE,100% UPGOV,Chief Development Officer (CDO) 
51,UTTAR PRADESH DIVERSIFIED AGRICULTURE SUPPORT PROJECT,UPDASP-CDP,Crop Diversification Programme (CDP) – Original Green Revolution States (Western U.P.),"(1) Cluster demonstrations on alternative crops to replace paddy (seed, inputs, mechanization site specific activities). Farmers buy the inputs and mechanization and DBT is transferred to farmers thereafter
(2) Assistance for farm mechanisation and site-specific activities (laser land levellers, rotavators, planters, threshers etc.)
(3) Farmer training, exposure visits and field days.","(1) Primary beneficiaries:
(a) Small and marginal farmers in identified Western U.P. project districts notified under CDP.
(b) Willingness to undertake approved crop diversification package in designated cluster for minimum period (normally 2–3 years).",CENTRAL,100% GOI,"Chief Development Officer (CDO), District Agriculture Officer (DAO)"
52,UTTAR PRADESH DIVERSIFIED AGRICULTURE SUPPORT PROJECT,UPDASP-CDP-RKVY,Crop Diversification Programme (CDP) – Tobacco Replacement districts (RKVY),"(1) Demonstrations of alternative cropping systems and package of practices replacing tobacco
(2) Seed / planting material and limited critical inputs for first 1–2 years.
(3) Farm mechanisation, water-saving technologies and post-harvest handling support.
(4) Capacity-building on alternative crops","(1) Farmers currently cultivating tobacco (or in recent years) in identified CDP tobacco districts.
(2) Willingness to permanently shift at least part of area to alternative crops.",CENTRAL,100% GOI,"Chief Development Officer (CDO), District Agriculture Officer (DAO)"
53,UTTAR PRADESH DIVERSIFIED AGRICULTURE SUPPORT PROJECT,UPDASP-EOFC-PKVY,Establishment of Organic Farm Clusters in Ganga Basin – PKVY (Namami Gange),"(1) Financial assistance up to ₹50,000 per hectare over 3 years per organic farming cluster, covering:
(a) Organic inputs (bio-fertilisers, bio-pesticides, compost units).
(b) PGS certification / internal control system.
(c) Capacity-building, exposure visits and demonstrations.
(d) Limited on-farm post-harvest infrastructure, branding and marketing support.
(2) Support for cluster formation of minimum 20 ha size
(3) Technical assistance on organic package of practices through KVKs / ATMA / UPDASP.","(1) Farmers located in notified Ganga basin districts / blocks included in Namami Gange component.
(2) Willingness to:
(a) Join organic cluster and follow prescribed organic practices for 3 years.
(b) Avoid use of synthetic fertilisers and pesticides in cluster fields.",CENTRAL,100% GOI,"Chief Development Officer (CDO), District Agriculture Officer (DAO)"
54,UTTAR PRADESH DIVERSIFIED AGRICULTURE SUPPORT PROJECT,UPDASP-FPOS,"Central Sector Scheme – Formation and Promotion of 10,000 Farmer Producer Organisations (FPOs)","(1) FPO formation & incubation support through CBBOs for 5 years (mobilisation, registration, business planning, governance training).
(2) Management cost support to CBBOs / IAs for each FPO for 5 years.
(3) Equity grant to FPOs (up to a specified per-member limit) to strengthen balance sheets.
(4) Credit guarantee cover for FPO loans from eligible lending institutions.
(5) Capacity building, market linkage facilitation and ICT support.","(1) FPOs formed as Producer Companies / Cooperatives / Producer Organisations under respective Acts with membership predominantly of small & marginal farmers. 
(2) Cluster-based commodity focus (single or multi-commodity).",CENTRAL,100% GOI,Chief Development Officer (CDO)
55,UTTAR PRADESH DIVERSIFIED AGRICULTURE SUPPORT PROJECT,UPDASP-PPPAVCD,Public–Private Partnership for Agriculture Value Chain Development Programme ,"(1) PPPAVCD organises and targets other scheme benefits into PPP clusters. The broad areas of the support extended under programme are outlined:
(a) Inputs & productivity support
(b) Quality seed / hybrids, minikits – via NFSM / RKVY / State seed schemes.
(c) Soil health, micronutrients, bio-fertilisers – via NMSA / SHC / PKVY.
(d) On-farm infrastructure & equipment
(e) Micro-irrigation and water-use efficiency – via PMKSY.
(f) Farm mechanisation (planters, harvesters, dryers) – via SMAM, RKVY, State mechanisation schemes.
(g) Post-harvest & value-chain infrastructure
(h) Godowns, pack-houses, cold rooms – via Agriculture Infrastructure Fund (AIF) and state warehouse schemes.
(i) Primary processing units and small agro-processing – via PMFME, MIDH, RKVY – marketing components.
(j) Financial support: Interest subvention, credit guarantees, blended finance – via AIF / NABARD / CGTMSE-linked products.
(k) Technology & agronomy support – private partner gives structured PoP, training, precision tools. 
(l) Market assurance – cluster-level buy-back contracts or procurement commitments (e.g. Ninjacart, distilleries). 
(m) Risk reduction – diversification, improved agronomy, offtake stability, plus insurance via PMFBY where applicable.","(1) Primary beneficiary: 
(a) Small and marginal farmers in PPPAVCD clusters (crop + geography defined in each project). 
(b) FPOs / FPGs / Cooperatives / SHG federations engaged as aggregation and implementation arms.
(2) Secondary beneficiary: 
(a) Private companies / start-ups / agribusinesses selected as PPP partners.
(b) MSMEs in the value chain (transporters, input dealers, processors).
(c) Financial institutions lending into the cluster, supported by interest subvention / guarantees via converged schemes like AIF.
(3) Farmer eligibility: 
(a) Farmer must be within the notified cluster villages/blocks of an approved PPPAVCD project.
(b) Preferably small/marginal, though larger farmers may be included to reach the 500–10,000 farmer envelope.
(c) Agree to:
(d) follow the package of practices laid out in the PPP (e.g. maize hybrid, fertigation regime),
(e) supply produce through FPO/cluster channels to the offtaker, and
(f) share basic data (area, yields, bank details) for DBT and monitoring.
(g) Aadhaar-linked bank account and KYC completed as per converged scheme rules.
(4) Private partner eligibility: 
(a) Registered company / LLP / eligible producer organisation with demonstrated value-chain experience.
(b) Strong balance sheet / solvency, proven offtake capacity (e.g. distillery, processor, retailer, e-commerce, logistics platform).
(c) Willingness to invest in on-ground systems, commit buy-back quantities, and share project-level data for central monitoring.",CENTRAL,100% GOI,Chief Development Officer (CDO)
56,UTTAR PRADESH DIVERSIFIED AGRICULTURE SUPPORT PROJECT,UPDASP-AKSVY-UP,Aatma Nirbhar Krishak Samnvita Vikas Yojna ,"(1) Support for formation and promotion of FPOs beyond the central scheme allocations
(2) Management / handholding support through empanelled CBBOs similar to 10k FPO scheme.
(3) State-level budget for:
(a) Capacity-building, business plan preparation and market linkages.
(b) Support for infrastructure and working capital","(1) Farmer groups organised into FPOs/Producer Companies/Cooperatives in clusters identified by GoUP/UPDASP.
(2) Focus on small & marginal farmers and commodities important for state diversification (pulses, oilseeds, horticulture, dairy, fisheries etc.).",STATE,100% UPGOV,Chief Development Officer (CDO)
57,UTTAR PRADESH DIVERSIFIED AGRICULTURE SUPPORT PROJECT,UPDASP-AGREES-UP,Uttar Pradesh Agriculture Growth and Rural Enterprise Ecosystem Strengthening Project,"(1) To increase farmers’ income through improved crop productivity, climate resilience, and commercialization of agrifood systems in selected regions of state i.e. 28 districts across Jhansi, Chitrakoot, Vindhyachal, Varanasi, Gorakhpur, Azamgarh, Basti, and Devipatan divisions.
(2) Improve climate-resilient productivity of key crops (rice, wheat, maize, gram, mustard, etc.) in the project districts.
(3) Develop competitive, inclusive value chains for prioritized commodities (crops, horticulture, livestock, fisheries) through clusters and agribusiness investments.
(4) Strengthen digital and financial ecosystems (Agri-stack, UP AGRIVERSE, digital KCC / credit, AIF-type funds) for farmers, FPOs and agri-MSMEs.
(5) Leverage private capital for agrifood MSMEs and value-chain investments.
(6) Enhance institutional capacity of GoUP, UPDASP and district systems for climate-smart agriculture, value-chain development, and monitoring / learning.","(1) Primary beneficiary:
(a)	Small and marginal farmers, including women farmers and tenant / sharecroppers where allowed by project rules.
(b)	Farmer Producer Groups (FPGs) and Farmer Producer Organisations (FPOs / FPCs).
(c)	Fishers and fish farmers in project blocks (for fisheries and aquaculture sub-projects).
(d)	Agri-MSMEs and start-ups in input, post-harvest, processing, logistics and services.
(e)	Women-led and youth-led enterprises in agrifood systems.
(2) Secondary beneficiary:
(a)	Farmer families accessing improved digital services (advisory, scheme access, grievance, etc.).
(b)	Banks, NBFCs, MFIs participating in the digital credit and AIF platforms.
(c)	Research / technical agencies (SAUs, ICAR institutes, KVKs) partnering for climate-resilient practices.
(3) Broad eligibility criteria:
(a)	The farmer / group / enterprise must be located in a notified project district / block and within a project commodity cluster, where applicable.
(b)	The farmer should be registered in the state’s agriculture database / UP AGRIVERSE (once operational) with valid Aadhaar-linked bank account and land / lease details, as per project guidelines.
(c)	FPGs / FPOs / SHGs / CLFs / cooperatives must be legally registered entities (Societies / Producer Companies / Cooperatives, etc.) and comply with UPAGREES eligibility norms for each component (e.g., minimum member base, audited accounts, business plan).
(d)	Agri-MSMEs must meet GoI/GoUP MSME definition, operate in the agrifood value chain, and satisfy the credit and due-diligence requirements of the AIF / bank / fund manager.
(e)	Beneficiaries must agree to follow environmental and social safeguards, including land, water and biodiversity norms prescribed in the ESMF / ESMP.",STATE,100% UPGOV,Chief Development Officer (CDO)
58,RURAL ENGINEERING,RUENG-JJM,Jal Jeevan Mission,"(1) Financial support from Government of India for creation of village water supply infrastructure such as source development/augmentation, water treatment units, overhead tanks, pumping systems, distribution pipelines, and household tap connections.
(2) Support for greywater management, source sustainability (rainwater harvesting, recharge structures), and water quality surveillance including field test kits and laboratories. 
(3) Capacity building and IEC (Information, Education & Communication) for behaviour change, community mobilisation, and training of Village Water & Sanitation Committees (VWSCs)/Pani Samitis, engineers, and local masons/plumbers.","(1) All rural households (HHs) in all villages of India are eligible for Functional Household Tap Connections under JJM, with special focus on aspirational districts, quality affected habitations (e.g. arsenic/fluoride), drought prone, desert, tribal and difficult areas.
(2) Priority sequencing generally covers existing uncovered/partially covered households, households in quality affected and vulnerable areas, and institutions like schools, anganwadis, health centres, Gram Panchayat buildings, etc.
(3) There is no income-based exclusion at household level. However, schemes are planned at village/habitation level and implemented in a phased manner as per State Annual Action Plans.",CENTRAL,100% GOI,District Water & Sanitation Mission (DWSM) office
59,YUVA KALYAN AND PRANTIYA RAKSHAK DAL ,YKPRD-RSPDP-UP,Rural Sports & Physical Development Programme,"(1) Supply of sports equipment (kabaddi, volleyball, football, athletics kits etc.) to youth clubs named as Mahila Mangal Dal and Yuvak Mangal Dal.
(2) Organisation of rural sports meets, block/district tournaments.","(1) Rural youth (both boys and girls) aged roughly 15–35 years.
(2) Registered youth clubs at gram Panchayat level- i.e. Yuvak Mangal Dal and Mahila Mangal Dal.",STATE,100% UPGOV,District Youth Welfare & PRD Office 
60,YUVA KALYAN AND PRANTIYA RAKSHAK DAL ,YKPRD-YCSDA-UP,Youth Cultural & Social Development Activities,"(1) Organisation of youth cultural events (music, drama, folk arts), debate/essay competitions, and awareness rallies at village, block and district level.
(2) Youth camps/seminar covering life skills, health, environment, cleanliness, gender equality, and drug de-addiction themes.
(3) Support to registered youth clubs for small social action projects (plantation drives, Swachhata campaigns, blood donation and disaster response volunteering).
(4) To encourage Mangal Dals doing commendable works Block Level Vivekanad Youth Award and cash prize Rs. 5,000/- is given to one Mangal Dal in each block.
(5) District level Vivekanad Youth Award and cash prize Rs. 20,000/- is given to one Yuvak Mangal Dal and one Mahila Mangal Dal.
(6) Mangal Dals and Individual Youths doing commendable works are recommended for State Level Vivekanad Youth Award.
(7) District Youth Festival is organised to provide platform to Youth for cultural events like Folk Song, Folk Dance and life skill events like story writing, Poetry, Painting, Declamation and innovative scientific thoughts and Models.","(1) Youths (15-35 years), with emphasis on non-students and students, OBC/SC/ST youth, and young women.
(2) Registered youth clubs- Mahila/Yuva Mangal Dals.",STATE,100% UPGOV,District/Regional Youth welfare Officer
61,YUVA KALYAN AND PRANTIYA RAKSHAK DAL ,YKPRD-PRD-UP,Prantiya Rakshak Dal (PRD) Volunteer Engagement Programme,"(1) Enrolment of eligible rural youth as PRD jawans with basic training in drill, disaster response, traffic control, and crowd management.
(2) Deployment of PRD platoons for support duties at Government offices, educational institutions, events, elections, tourism spots and in disaster relief operations.
(3) PRD volunteers receive a fixed daily honorarium as per Muster roll.
(4) Limited welfare measures such as insurance cover through Banks/compensation in case of on duty incidents, as per latest state orders.","Rural and semi urban youth (typically 18-45 years) with basic physical fitness and minimum educational qualification (often class 10 or 12, as per current rules).",STATE,100% UPGOV,District/Regional Youth welfare Officer
62,DIRECTORATE OF AGRICULTURAL MARKETING & AGRICULTURE FOREIGN TRADE,DAMAFT-AMI-UP,Agricultural Marketing Intelligence & e NAM (Market Information + Online Trading),"(1) 211 Marketing Intelligence Centres across 251 regulated mandis and 371 sub mandis in UP collect daily data on arrivals, wholesale prices, stocks and movement.
(2) Daily and weekly wholesale prices are sent to All India Radio and Doordarshan. Analytical reports (weekly/fortnightly/monthly) are shared with State and Central departments for policy.
(3) Computerisation of 242 mandi nodes under AGMARKNET with NIC support; data from all revenue districts and key market centres is uploaded to www.agmarknet.nic.in 
(4) Farmers can see which market is offering better prices and decide where to sell.
(5) Integration with e NAM: 162 mandis of UP linked to www.enam.gov.in, where electronic auction and online bidding take place.","(1) All farmers, FPOs and traders using UP mandis can use price/arrival information (no formal registration needed).
(2) For e NAM trading, farmer/FPO/trader must register on the e NAM portal or through the local mandi.",STATE,100% UPGOV,Mandi Secretary / Senior Agriculture Marketing Inspector
63,DIRECTORATE OF AGRICULTURAL MARKETING & AGRICULTURE FOREIGN TRADE,DAMAFT-AGQM-UP,"Assaying, Grading & Quality Management (including AGMARK & e NAM Labs)","(1) Grading units established in selected mandis (125 e-NAM mandis doing grading of ~247 commodities as per DMI’s tradable parameters).
(2) Assaying laboratories set up in 125 e-NAM mandis; Directorate has appointed trained assaying inspectors (trained by Government of India’s Directorate of Marketing & Inspection).
(3) In e-NAM:
(a) Mandi staff create lots from arriving produce.
(b) Assaying inspector draws samples as per protocol and determines grade in the lab.
(c) Grade and parameters are uploaded in the system. Buyers anywhere can see quality details before bidding.
(4) AGMARK grading for consumer level products:
(a) “AGMARK” is a quality mark for items like wheat flour, maida, suji, pulses, spices, ghee, oils, honey, tamarind, fruits, eggs etc.
(b) State AGMARK laboratories established in selected districts to expand grading and protect consumers against adulteration.","(1) Farmers and traders bringing produce to e NAM mandis automatically covered for grading/assaying.
(2) Packers/processors who seek AGMARK grading and certification for retail products apply through DMI and state labs.",STATE,100% UPGOV,District level AGMARK Lab (where available) and Marketing Officer
64,DIRECTORATE OF AGRICULTURAL MARKETING & AGRICULTURE FOREIGN TRADE,DAMAFT-UPAEP-UP,Uttar Pradesh Agriculture Export Policy 2019 & Export Promotion Schemes,"(1) Additional incentives for export-oriented clusters – support to identified product clusters (e.g. rice, mango, etc.) for infrastructure, branding and market linkages.
(2) Incentives for new processing units near clusters – export-based incentives for new processing units established near export clusters.
(3) Transport subsidy for export of agricultural and processed products – partial reimbursement of transport cost to make exports competitive (policy para 6.2.3.2). 
(4) Support to institutions offering degree/diploma/certificate courses in agri export, post-harvest management and technology – to build human resource base for export.","(1) Processing units, cluster based FPOs and agri businesses registered in Uttar Pradesh. 
(2) Institutions running approved export related courses, as notified.",STATE,100% UPGOV,Export Promotion Bureau (EPB) nodal officer
65,NAMAMI GANGE,NAMAMI-GANGE,Namami Gange,"(1) Coordinates planning and implementation of Namami Gange projects in Uttar Pradesh (Sewerage, Ghats and Crematoria, Afforestation, E-Flows, Aquatic Biodiversity Conservation, IEC, etc.) through line departments and specialised agencies.
(2) Provides a state level project management set up (project directors, technical and administrative staff) for preparation, appraisal, tendering and monitoring of works. Recruitment of staff is on deputation/contract and procurement of services and materials (e.g., Ghat cleaning, Branding, office support) are carried out through SMCG UP.","Namami Gange is not a direct beneficiary subsidy scheme; benefits flow indirectly to:
(1) Residents of Ganga basin cities and villages in Uttar Pradesh through improved river water quality, sewerage and sanitation infrastructure, ghats and public amenities.
(2) Pilgrims, devotees and visitors using developed and well-kept ghats.
(3) Improved cremation facilities created or upgraded",CENTRAL,100% GOI,"Office of Chairman, District Ganga Committee"
66,PANCHAYATI RAJ INSTITUTIONS,PRI-RGSA-UP,Rashtriya Gram Swaraj Abhiyan ,"(1) Training and hand holding of elected representatives and staff (induction, thematic and refresher trainings).
(2) Support for Panchayat Bhawan, basic IT infrastructure and e governance (computers, internet, MIS).
(3) Development of resource persons at state, district and block levels.
(4) Support for participatory planning, convergence and localisation of SDGs.","(1) All constitutionally constituted PRIs (GP, KP, ZP) in UP are institutional beneficiaries.
(2) Elected representatives and Panchayat functionaries are direct human resource beneficiaries.",STATE,100% UPGOV,"District Panchayat Raj Officer (DPRO), District Nodal Officer RGSA"
67,PANCHAYATI RAJ INSTITUTIONS,PRI-FCGP-UP,Finance Commission Grants to Panchayats (Central & State),"(1) Tied grants for specific sectors (e.g., drinking water and sanitation under 15th FC).
(2) Untied grants for local priorities decided by Panchayats within guidelines.
(3) Online Finance Commission portal with allocation, release and utilisation tracking.","All PRIs that meet basic conditions (e.g., regular Gram Sabha, accounts, audits) receive formula-based shares as per FC recommendations and state government orders.",STATE,100% UPGOV,"District Panchayat Raj Officer (DPRO), District Nodal Officer RGSA"
68,PANCHAYATI RAJ INSTITUTIONS,PRI-GPDP-UP,Gram Panchayat Development Plan (GPDP),"(1) State GPDP guidelines, formats and handbooks for Panchayats.
(2) Training and hand holding support for Panchayat representatives and functionaries through RGSA.
(3) Online tools (E- Gram Swaraj, Panchayat Nirnay, GPDP dashboards) to enter and monitor plans and works.",All Gram Panchayats in Uttar Pradesh are required and eligible to prepare GPDPs; all residents of the GP are indirect beneficiaries through better planned local development.,STATE,100% UPGOV,"District Panchayat Raj Officer (DPRO), District Nodal Officer RGSA"
69,PANCHAYATI RAJ INSTITUTIONS,PRI-PBSC-UP,Panchayat Bhawan Construction Scheme,"(1) Financial assistance for construction of a standard Panchayat Bhawan building.
(2) As per the state portal, the current approved cost norm is about ₹17.46 lakh per Panchayat Bhawan; the building typically includes: one meeting hall, two office rooms, staff accommodation, verandah and toilet block.
(3) In selected cases, additional support may be accessed under RGSA for Panchayat infrastructure and co-location of Common Service Centres (CSCs) in GP Bhawans, subject to approved proposals.","(1) Gram Panchayats in Uttar Pradesh that do not yet have a functional Panchayat Bhawan or require construction as per approved criteria.
(2) Land for the building should be available and free from dispute, as per state government orders; where land is not available, the district may be authorised to purchase land following state procedures.",STATE,100% UPGOV,"District Panchayat Raj Officer (DPRO), District Nodal Officer RGSA"
70,PANCHAYATI RAJ INSTITUTIONS,PRI-SWB-G-UP,Swachchha Bharat Mission - Gramin,"(1) Individual Household Latrine (IHHL) Incentive: Central incentive of ₹12,000 per eligible rural household for constructing toilets, with flexibility for additional State share. Eligible categories include BPL and specified poor APL households (SC/ST, small/marginal farmers, landless labourers with homestead, persons with disabilities, women headed households).
(2) Community Sanitary Complexes (CSCs): Financial assistance to Gram Panchayats for constructing and maintaining CSCs where household toilets are difficult (e.g., land constraints, public places). 
(3) SLWM Infrastructure: Support for village level systems such as compost pits, soak pits, drainage, waste collection and treatment infrastructure, including faecal sludge treatment where applicable, to achieve ODF Plus status. 
(4) IEC & Capacity Building: Funds for Information Education Communication (IEC), Behaviour Change Communication (BCC), triggering exercises, and training of Swachhagrahis, VWSCs and PRI representatives.","(1) Household level: Rural households without toilets or with unusable toilets; priority to BPL and identified poor APL categories as defined in SBM G guidelines.
(2) Gram panchayat level: All Gram Panchayats in rural Uttar Pradesh are eligible for SBM G support for becoming and sustaining ODF/ODF Plus, including CSCs and SLWM assets",STATE,100% UPGOV,"District Panchayat Raj Officer (DPRO), District Nodal Officer RGSA"
71,PANCHAYATI RAJ INSTITUTIONS,PRI-MPPP-UP,Mukhyamantri Panchayat Protsahan Puraskar,"(1) Annual cash awards and citation to selected Gram Panchayats; the number of GPs and award amount per GP are decided each year by the State level committee based on the budget provision. 
(2) Additional non-financial recognition (state level felicitation, publicity, and role model status) to promote replication of best practices. ","(1) All Gram Panchayats of Uttar Pradesh are potentially eligible, subject to:
(a) Completion of the online self-assessment questionnaire within the stipulated time on the CM Award portal.
(b) Securing at least the minimum qualifying score (e.g., 60% of marks, as per current questionnaire guidelines).
(c) Successful verification through district and state level performance assessment committees, including field verification.
(2) The detailed eligibility parameters are embedded in the theme-based questionnaire (e.g., GP governance, planning, service delivery, inclusion, financial management, innovation).",STATE,100% UPGOV,"District Panchayat Raj Officer (DPRO), District Nodal Officer RGSA"
72,PANCHAYATI RAJ INSTITUTIONS,PRI-GASVY-UP,Grameen Antyeshti Sthal Vikas Yojana,"(1) Unit cost: ₹24.36 lakh per antyeshti sthal.
(2) Minimum land requirement: 1,750 square metres per site.
(3) Works included at each site:
(a) Cremation platform(s).
(b) Toilet and bathing facilities.
(c) “Shanti Sthal” (quiet/sitting area for relatives).
(d) Handpump / drinking water facility.
(e) Firewood storage/covered store and basic site development (pathways, boundary as per design).
(2) The scheme has a cumulative physical target of 6,102 antyeshti sthals, of which 5,239 have been completed so far. For 2025 26, the target is 1,000 sites with an allocation of ₹24,360 lakh. ","(1) Location: Rural areas of Uttar Pradesh under Gram Panchayats.
(2) Selection of sites:
(a) Gram Panchayats identify suitable land (government or undisputed community land) of at least 1,750 sq m through Gram Sabha resolution and propose it via block office.
(b) Priority is given to villages/GPs where no organised cremation/burial facility exists or existing facilities are highly inadequate.
(3) Direct individual beneficiaries are not defined. Entire rural communities using the developed Antyeshti Sthal benefit from the scheme.",STATE,100% UPGOV,"District Panchayat Raj Officer (DPRO), District Nodal Officer RGSA"
73,PANCHAYATI RAJ INSTITUTIONS,PRI-PDUPSP-UP,Pandit Deendayal Upadhyay Panchayat Sashaktikaran Puraskar,"(1) Award money and citation to best performing Panchayats, in addition to recognition at national functions (National Panchayati Raj Day).
(2) In the initial years in Uttar Pradesh (2011-12 and 2012-13), the following award amounts were provided per selected Panchayat:
(a) Gram Panchayat: ₹7 lakh (later enhanced to ₹9 lakh).
(b) Kshetra Panchayat (Block): ₹15 lakh (later enhanced to ₹20 lakh).
(c) Zila Panchayat (District): ₹25 lakh (later enhanced to ₹40 lakh). ","(1) All Gram Panchayats, Kshetra Panchayats and Zila Panchayats are potential beneficiaries, subject to meeting performance standards notified by the Ministry of Panchayati Raj and adopted by the State.
(2) Evaluation is based on information provided by Panchayats on their performance in the reference year (e.g., previous financial year), verified by State and Ministry as per award guidelines.",STATE,100% UPGOV,"District Panchayat Raj Officer (DPRO), District Nodal Officer RGSA"
74,PANCHAYATI RAJ INSTITUTIONS,PRI-MY-UP,Maatrubhumi Yojana,"(1) Fund construction or renovation of school rooms, libraries, community halls, sports complexes, and Anganwadi centers.
(2) Support installation of solar lights, CCTV, water systems, and waste management.
(3) Contribute to beautification of ponds and public spaces.","(1) Individuals: Permanent residents of Uttar Pradesh, including those living outside the state or abroad (NRI/PIO).
(2) Contribution: The applicant must fund 60% of the total project cost, with the state government bearing the other 40%.",STATE,100% UPGOV,"District Panchayat Raj Officer (DPRO), District Nodal Officer RGSA"
75,MINOR IRRIGATION,MI-MLSY-UP,Mukhyamantri Laghu Sinchai Yojana,"(1) Technical and financial assistance for creation of new irrigation borings/tubewells of approved depths (e.g., shallow and medium deep) under the scheme. 
(2) Department provides boring services through empanelled agencies/departmental machinery and extends subsidy/assistance as per sanctioned unit cost and farmer category (e.g., higher benefit for small, marginal, SC/ST farmers). 
(3) Scheme is implemented through online application, selection and monitoring via MIU Online, improving transparency and time bound processing.","(1) Eligible beneficiaries: Farmers of Uttar Pradesh owning cultivable land in notified blocks and fulfilling eligibility conditions (with prioritisation typically for small/marginal farmers; some districts separately list SC/ST or land holding criteria).
(2) Land and technical conditions: Sufficient land available for siting a boring/tubewell as per departmental spacing and safety norms. Site lies in a block/area permitted for new groundwater structures as per departmental and groundwater regulations.",STATE,100% UPGOV,"Executive Engineer / District Minor Irrigation Officer (DMI/EE, Minor Irrigation)"
76,MINOR IRRIGATION,MI-FBY-UP,Free Boring Yojana,"(1) Department undertakes boring up to a prescribed depth (e.g., 110 mm dia up to about 30 m for shallow wells) at no cost to the eligible farmer; cost is borne from the scheme budget.
(2) In some districts, a per boring financial ceiling is notified (e.g., assistance up to ₹10,000 per boring for eligible SC BPL small/marginal farmers in plain areas).
(3) Materials and technical services (boring labour, casing, etc.) are provided as per departmental specifications; farmers arrange pump sets and ancillary works beyond the scheme scope.","(1) Eligibility conditions are defined in state level guidelines and implemented uniformly, with district level notices giving details. Common elements are:
(a) Category: Small and marginal farmers, with special focus on Scheduled Caste families living below poverty line in plain areas; some GOs extend coverage to other poor small/marginal farmers as notified.
(b) Land holding: Minimum cultivable land (often 0.2 ha for general small/marginal farmers; this minimum may not apply to SC/ST small/marginal farmers as per guideline extract).
(c) Location conditions: Site should satisfy groundwater siting norms (e.g., minimum distance from existing borewells, block not in critical/over exploited category as per state orders).",STATE,100% UPGOV,"Executive Engineer / District Minor Irrigation Officer (DMI/EE, Minor Irrigation)"
77,SERICULTURE,SERI-SILK-SAMAGRA-2,SILK SAMAGRA–2: Integrated Scheme for Development of Silk Industry (2021–2026),"The scheme offers comprehensive, multi-level support to farmers, SHGs, FPOs, reelers, and silk workers.
(1) Financial Assistance
(a) Subsidy for Rearing Sheds
(a.1) Up to 80% subsidy depending on category
(a.2) SC/ST beneficiaries get higher subsidy (up to 90%)
(2) Subsidy for Mulberry Plantation
(a) Support for land preparation, saplings, irrigation, inputs.
(3) Equipment Subsidy
(a) Rearing kits, mountages, disinfectants, tools, reeling equipment.
(4) Support for Chawki Rearing Centres (CRCs)
(a) Low-cost chawki silkworm supply to farmers.
(5) Credit-Linked Incentives
(a) Loan + subsidy combination for sheds, plantations, machines.
(6) Technical Assistance
(a) Training in mulberry cultivation, silkworm rearing, disease management, grainage operations.
(b) Quality improvement support (grading, testing, certification).
(c) Support from CSB scientists, district officers, and master trainers.
(6) Infrastructure Support
(a) 50,000 new rearing sheds
(b) 200 new CRCs
(c) Modernization of 500 grainages
(d) New quality and testing labs
(e) Improved reeling units & post-cocoon technology
(7) Women Empowerment Support
(a) Through Resham Sakhi Yojana:
(a.1) 100% free residential training
(a.2) 80% subsidy on rearing kits
(a.3) Home-based rearing opportunities
(a.4) Market linkage and group formation
(8) Market and Digital Support
(a) Access to cocoon markets, aggregators, and online auction platforms.
(b) SILKS 2.0 portal for real-time tracking.
(c) AI-based disease alerts and advisory.","(1) Who can apply?
(a) Farmers
(a.1) Mulberry, Tasar, Eri, or Muga farmers
(a.2) Land-owning, tenant, or lease-holding farmers
(a.3) Priority to marginal farmers (up to 2 acres)
(2) SC/ST Communities
(a) Minimum 30% reservation in all components
(b) Additional subsidy support
(3) Women / SHGs / NRLM Groups
(a) Women interested in home-based silk activities
(b) Eligible for Resham Sakhi training and support
(4) FPOs / Cooperatives
(a) Can apply for group sheds, CRCs, reeling units
(5) Landless Individuals
(a) Eligible under group rearing sheds and post-cocoon employment
(6) Youth, Entrepreneurs, Small Industries
(a) Eligible for reeling, twisting, dyeing, and processing units
(7) Documents required:
(a) Aadhaar
(b) Bank account
(c) Land records/lease documents (if available)
(d) Category certificate (if SC/ST)
(e) Photograph
(f) Mobile number",CENTRAL,100% GOI,"District Sericulture Office (DSO), Block Development Office (BDO)"
78,SERICULTURE,SERI-CDP,Catalytic Development Programme (CDP),"CDP provides a wide range of support across the sericulture value chain. Major assistance includes:
(1) Pre-Cocoon (Farm-Level) Support
(a) Mulberry Plantation Establishment
(b) Financial assistance for new plantation, replanting, and maintenance.
(c) Subsidy for saplings, fertilizers, pesticides, labor, soil work, etc.
(2) Irrigation & Water Conservation
(a) Support for drip irrigation, sprinklers, farm ponds, tube wells, check basins.
(3) Rearing House Construction
(a) Assistance to build small, medium, or large rearing houses.
(b) Subsidy ranges from 35% to 100%, depending on model and state.
(4) Rearing Equipment Supply
(a) 75% subsidy for essential tools like racks, trays, sprayers, mountages, etc.
(b) Advanced equipment packages also supported.
(5) Disinfection & Disease Prevention
(a) Subsidy for disinfectant chemicals, tools, and services.
(b) Special franchise model for door-to-door disinfection support.
(6) Chawki Rearing Centers (CRC)
(a) Establishment of new CRCs to supply young silkworms to farmers.
(b) Ensures high success rate of silkworm crops.
(7) Seed Sector Support
(a) Modernization of Grainages
(b) Upgradation of seed production units with better labs and equipment.
(8) Basic Seed Farms Strengthening
(9) Support for genetic labs, climate-controlled infrastructure, and breeding.
(10) Post-Cocoon (Processing) Support
(a) Reeling Units
(b) Assistance to establish automatic and multi-end reeling machines.
(11) Twisting Units
(a) Support for mulberry and vanya silk twisting machinery.
(12) Processing, marketing, and cluster development support.
(13) Training & Capacity Building
(a) Free or low-cost training for farmers and entrepreneurs.
(b) Technical guidance from extension officers and seri-polyclinics.","Eligible Beneficiaries Include:
(1) Mulberry / Tasar / Eri / Muga farmers
(2) Silkworm rearers
(3) Seed producers and grainage owners
(4) Reelers and twisters
(5) Entrepreneurs starting reeling or twisting units
(6) Women SHGs, FPOs, cooperatives
(7) Tribal households and landless families (specific components)
(8) NGOs and private institutions (for CRC/grainage)
Eligibility Conditions:
(1) Basic knowledge of sericulture OR willingness to undergo training.
(2) Minimum land requirement (0.5 acre) for plantation-related components.
(3) Valid land ownership/lease document (not required for equipment-only support).
(4) Not having availed similar subsidy in past 5 years.
(5) Priority for SC/ST, women, youth, BPL families, SHGs and FPOs.",CENTRAL,"50% GOI, 50% UPGOV","District Sericulture Office (DSO), Block Development Office (BDO)"
79,SERICULTURE,SERI-MPDS,MULBERRY PLANTATION DEVELOPMENT SCHEME,"The scheme provides a complete financial package covering all plantation establishment costs for the first 3 years (establishment + maintenance).
Total support includes Rs. 14,000 per acre for new plantation plus Rs. 4,500 per acre per year for maintenance during Years 2–3.
(1) New Plantation Development – Rs. 14,000 per acre
This is a complete package covering all initial establishment costs with the following detailed breakup:
(a) High-Quality Saplings: 500 plants per acre @ Rs. 2 per plant, total cost Rs. 1,000.
Improved varieties such as S-54, S-1635, AR-5 supplied from government nurseries.
(b) Farm Yard Manure (FYM): 10–15 tonnes @ Rs. 200 per tonne, total cost Rs. 3,000.
Used as organic manure to improve soil fertility.
(c) Chemical Fertilizers (NPK): Soil test–based application costing Rs. 3,500.
Ensures balanced nutrition during the first year.
(d) Pesticides / Insecticides: Six-month supply costing Rs. 1,500.
Protection against mealy bug and stem borer.
(e) Land Preparation Labor: Ploughing and leveling costing Rs. 2,000.
Includes tractor operations and manual labor.
(f) Planting Labor: Digging pits and planting costing Rs. 2,000.
Skilled labor ensures proper spacing and planting.
(g) Soil Conservation Measures: Mulching and bunding costing Rs. 1,000. Helps in water retention and erosion control.
(h) Total New Plantation Package Cost: Rs. 14,000 per acre.

(2) Subsidy Pattern for New Plantation
(a) General States (Uttar Pradesh): 50% CSB subsidy (Rs. 7,000) + 25% State share (Rs. 3,500) + 25% Farmer share (Rs. 3,500).
(b) Special States: 80% CSB subsidy (Rs. 11,200) + 10% State share (Rs. 1,400) + 10% Farmer share (Rs. 1,400).
(c) SC / ST / Women Beneficiaries: 65% CSB subsidy (Rs. 9,100) + 25% State share (Rs. 3,500) + 10% Farmer share (Rs. 1,400).

(3) Plantation Maintenance Support (Years 2–3)
(a) Support of Rs. 4,500 per acre per year is provided for maintenance activities.
(b) Maintenance package includes:
(b.1) Fertilizer Top-Dressing: Rs. 2,000 for NPK application to support growth.
(b.2) Pest Management: Rs. 800 for 8–10 sprays per season.
(b.3) Pruning Labor: Rs. 1,000 for four prunings per year.
(b.4) Weed Control: Rs. 500 for manual weeding and herbicide use.
(b.5) Mulching: Rs. 200 for moisture conservation.
(b.6) Total Maintenance Cost: Rs. 4,500 per acre per year.
(c) Maintenance Subsidy Pattern: Same as new plantation, i.e., 50% CSB + 25% State + 25% Farmer for Uttar Pradesh.

(4) Additional Technical Support (Provided Free of Cost)
(a) Sapling Quality Assurance: All saplings supplied from CSB-approved government or private nurseries with disease-free certification.
(b) Soil Testing: Free soil testing conducted at the district laboratory with customized fertilizer recommendations.
(c) Planting Guidance: Extension officers demonstrate correct planting techniques and spacing.
(d) Disease Management Advisory: Free technical advisory support during the first two years.
(e) Pruning Training: One-day hands-on pruning training provided free of cost.

(5) Irrigation Convergence Support (Additional Rs. 25,000–30,000 per acre)
(a) Drip Irrigation Package (Most Recommended):
(a.1) Unit cost: Rs. 30,000 per acre.
(a.2) Subsidy: 50% subsidy amounting to Rs. 15,000 free.
(b) Drip Package Includes:
(b.1) Main and sub-main pipes costing Rs. 12,000.
(b.2) Lateral pipes and drippers costing Rs. 8,000.
(b.3) Installation labor costing Rs. 6,000.
(b.4) Moisture sensors costing Rs. 4,000 (optional).
(c) Benefits: Water savings of 40–50% and yield increase of 20–25%.

(6) Farm Pond (Community-Based Irrigation):
(a) Capacity: 40 lakh liters (15 m × 15 m × 1.8 m).
(b) Total cost: Rs. 3 lakh.
(c) Subsidy: 50% subsidy amounting to Rs. 1.5 lakh free.
(d) Coverage: Serves 4–5 farmers cultivating approximately 0.5 acre each.","Primary Beneficiaries:
(1) Individual Farmers
(a) Own 0.5-2 acres cultivable land (irrigated preferred)
(b) Age 18-60 years
(c) Basic agricultural knowledge (no sericulture experience required)
(2) Priority Categories (Enhanced Subsidy):
(a) SC/ST Farmers: 80-90% subsidy (10% beneficiary share)
(b) Women Farmers: 75-85% subsidy
(c) Small/Marginal Farmers (<2 acres): Priority selection
(d) Landless Laborers: Eligible through community plantations
(3) Collective Beneficiaries:
(a) Farmer Producer Organizations (FPOs): 50+ members
(b) Cooperatives: Registered under Cooperative Act
(c) Self-Help Groups (SHGs): 10+ women members
(d) Gram Panchayats: Community plantations
(4) Land Requirements:
(a) Minimum: 0.5 acre (1,800 sq.m.)
(b) Ideal: 1 acre (4,000 sq.m.)
(c) Maximum: 2 acres per individual (pro-rata subsidy)
(5) Land Quality Specifications:
(a) Well-drained loamy soil (pH 6.5-7.5)
(b) Irrigation source within 1 km (well, canal, tube well)
(c) Not flood-prone or waterlogged
(d) Away from industrial pollution (2+ km)
(6) Documents Required:
(a) Land Documents: Khasra/Khatauni (ownership), lease deed (5+ years)
(b) Identity Proof: Aadhaar, Voter ID
(c) Bank Details: Passbook + cancelled cheque
(d) Caste Certificate: SC/ST/OBC (for priority)
(e) Soil Test Report: Optional (free testing provided)
(f) No-Dues Certificate: From banks/government (no pending loans)
(7) Who Cannot Apply:
(8) Government employees/pensioners
(9) Urban residents (rural scheme only)
(10) Already received plantation subsidy in past 5 years
(11) Saline/alkaline land unsuitable for mulberry
(12) Flood-prone/waterlogged areas",CENTRAL,"50% GOI, 50% UPGOV","District Sericulture Office (DSO), Block Development Office (BDO)"
80,SERICULTURE,SERI-RSY-UP,RESHAM SAKHI YOJANA (SILK SAKHI SCHEME),"Resham Sakhi Yojana provides complete end-to-end support from training to market linkage, ensuring zero barriers for rural women to start silk production.

(1) All assistance under the scheme is 100% free or heavily subsidized.

(2) Free Residential Training (Core Assistance – 100% Free)
(a) Mulberry Silk Training
(a.1) Training Location - Central Sericulture Research & Training Institute, Mysore, Karnataka, which is a national center of excellence.
(a.2) Training Duration - 15–21 days as a full residential training program.
(a.3) Training Coverage - The training is 100% free and includes second-class train or bus travel, accommodation, food (three meals per day plus snacks), training materials, and certification.
(a.4) Training Content - Training covers mulberry cultivation, silkworm egg handling, disease prevention, maintenance of optimal rearing conditions, cocoon harvesting, and quality grading.
(a.5) Certification - An official government certificate is issued, which enhances market credibility.

(b) Tassar Silk Training
(b.1) Training Location - Central Tasar Research & Training Institute, Ranchi, Jharkhand.
(b.2) Training Duration - 15–21 days residential training.
(b.3) Training Coverage - 100% free training including travel, stay, food, and training materials.
(b.4) Training Content - Training includes tassar host plant management (Arjun and Sal trees), wild silkworm rearing, forest-based silk production, and tribal techniques adapted for home-based use.
(b.5) Certification - Official tassar silk expert certificate is provided.

(c) Local Awareness Training
(c.1) Training Location - District Sericulture Training Centers.
(c.2) Training Duration - 5–10 days non-residential training.
(c.3) Training Coverage - Free training along with a daily stipend of Rs. 200.
(c.4) Training Content - Basic silk production knowledge, business planning, and financial literacy.

(3) Financial and Infrastructure Support
(a) Home-Based Rearing Unit Setup
(a.1) Space Requirement - 100–200 square feet; veranda, small room, or balcony is sufficient.
(a.2) Rearing Kit Subsidy - Total kit cost is Rs. 20,000, with 80% subsidy. Rs. 16,000 is provided free, and the beneficiary contribution is Rs. 4,000.
(a.3) Kit Contents - Bamboo rearing trays (20) for silkworm bedding, Plastic rearing stands (4 sets) to organize trays, Mountages or cocoon frames (50) for silkworm spinning, Disinfection sprayer (1) for disease prevention, Leaf cutting tools (1 set) for mulberry leaf preparation, Weighing scale (1) for cocoon measurement, Thermometer and hygrometer (1 set) for temperature and humidity monitoring, and Training manuals (2 copies) as reference guides.

(b) Raw Material Support (First 1–2 Seasons)
(b.1) Silkworm Eggs - Free first batch of Disease Free Layings (DFLs) ranging from 500 to 1,000 eggs.
(b.2) Mulberry Leaves / Food Plants - Linkage to nearby plantations or provision of free saplings (20 plants).
(b.3) Disinfectants - Free disinfectant kit for the first season valued at Rs. 2,000.
(b.4) Packaging Material - Free cocoon storage bags provided.

(4) Market Linkage and Income Support
(a) Guaranteed Cocoon Purchase
(a.1) Buyers - State cocoon aggregation centers, private reeling units, and online auction platforms.
(a.2) Minimum Price Guarantee - Rs. 200–300 per kg for mulberry cocoons and Rs. 150–250 per kg for tassar cocoons, based on quality.
(a.3) Payment System - Payment is made through direct bank transfer within 7 days.
(a.4) Quality Testing - Free quality testing at collection centers with grading into A, B, and C categories for fair pricing.

(b) Women’s Producer Groups
(b.1) Group Size - 10–20 Resham Sakhis per village.
(b.2) Benefits - Collective marketing resulting in 5–10% higher prices, bulk input purchase, and shared technical support.
(b.3) Leadership Structure - One group leader is trained as a “Master Resham Sakhi”.

(c) Ongoing Technical Support
(c.1) Extension Officer Support - Monthly home visits during the first year and quarterly visits from the second year onwards.
(c.2) Helpline Facility - 24×7 toll-free sericulture helpline.
(c.3) Refresher Training - Free annual refresher training of 3 days.

(d) Financial Inclusion Support
(d.1) Bank Account Linkage - Mandatory Aadhaar-linked Jan Dhan bank account.
(d.2) Microfinance Access - NRLM linkage for expansion with loan support ranging from Rs. 50,000 to Rs. 2 lakh.
(d.3) Insurance Coverage - Crop insurance coverage of Rs. 10,000–20,000 per season.

(5) Income Potential
(a) Beginner Level - Space required is 100 sq. ft., with one batch per season.
Annual income ranges from Rs. 15,000 to Rs. 20,000 with approximately 2 hours of work per day.
(b) Regular Level - Space required is 150 sq. ft., with 3–4 batches per year.
Annual income ranges from Rs. 60,000 to Rs. 90,000 with 3–4 hours of work per day.
(c) Advanced Level - Space required is 200 sq. ft., with 5–6 batches per year.
Annual income ranges from Rs. 1,20,000 to Rs. 1,80,000 with 4–5 hours of work per day.","(1) Primary Target Group - The primary target beneficiaries are rural women from Uttar Pradesh.
Land ownership is not required for eligibility.

(2) Basic Eligibility Criteria (All Conditions Must Be Met)
(a) Residency Requirement
(a.1) State Residency - The applicant must be a permanent resident of Uttar Pradesh.
(a.2) Area Preference - Preference is given to residents of rural areas.

(b) Age Criteria
(b.1) Minimum Age - The applicant must be at least 18 years old.
(b.2) Upper Age Limit - There is no upper age limit; however, preference is given to women aged 18–50 years.

(c) Required Documents
(c.1) Aadhaar Card - Mandatory for Direct Benefit Transfer (DBT) payments.
(c.2) Address Proof - Voter ID card or Ration Card is required as proof of residence.
(c.3) Bank Account - A valid bank account is required; Jan Dhan account is preferred.
(c.4) Photographs - Two passport-size photographs are required.

(d) First-Time Participation Condition
(d.1) Training and Subsidy History - The applicant must not have received sericulture training or subsidy under any previous scheme.

(e) Health and Physical Ability
(e.1) Physical Fitness - The applicant must be physically capable of handling silkworm rearing activities.
(e.2) Work Nature - The work involves light physical activity and does not require heavy lifting.

(3) Priority Categories (Selection Preference Order)
(a) SC/ST Women - Highest priority with a 40% reservation quota.
(b) OBC Women - Second priority with a 30% quota.
(c) Widows and Single Women - Third priority with a 25% quota.
(d) BPL / APL Rural Women - Fourth priority with a 20% quota.
(e) SHG Members - Additional preference of 15% for women who are members of Self-Help Groups.
(f) General Category - Remaining seats allocated under the balance quota.

(4) Who Cannot Apply (Exclusion Criteria)
(a) Employment Status - Government employees and pensioners are not eligible.
(b) Residence Status - Urban residents are not eligible, as the scheme is exclusively for rural women.
(c) Previous Sericulture Experience - Applicants already trained in sericulture under any scheme are not eligible.
(d) Gender Restriction - Men are not eligible, as this is a women-only scheme.
(e) State Residency - Non-Uttar Pradesh residents are not eligible.
(f) Existing Commercial Activity - Farmers already engaged in commercial sericulture operations are not eligible.

(5) Group Application through Self-Help Groups (SHGs)
(a) SHG Eligibility - Self-Help Groups with 10 or more women members can apply collectively.
(b) Group Coordination - A group leader is responsible for coordinating training and logistics.
(c) Shared Infrastructure - Common rearing spaces can be used by the group members.
(d) Collective Marketing - Group members benefit from collective marketing arrangements.

(6) Expected Application and Selection Statistics
(a) Annual Applications - Approximately 15,000–20,000 applications are expected every year.
(b) Selection Volume - Around 7,500 applicants are selected annually.
(c) Approval Rate - The overall approval rate is estimated at 35–40%.",STATE,100% UPGOV,Chief Development Officer (CDO) 
